SWEREF99TM_N,SWEREF99TM_E,Län,Lokal,Fiske,redskapet,Fångstområde1,StationsNr1,DJUPSTRATUM,Störning1,Fiskedatum1,Ansträngning,Fångsttyp1,Artbestämning,Antal1,Vikt,Beräknad_vikt1,Antal_per_anstr1,Fisketid_enhet,Fisketid,Redskap_enhet,Antal_Redskap,Lat_grader,Long_grader,Information
6697110,676165,Uppsala län,Forsmark,SKB akustik sjöar,"Nordiskt översiktsnät - Bnord12 (43,19,6,10,55,8,12,24,15,5,35,29)",Eckarfjärden (insjö),, -,NEJ,2014-09-04,1,Provfiskad ,Abborre,12,"0,608","0,675","12,00",natt,1,översiktsnät,1,"60,37198","18,19512","K098
Gädda maska 10 ingen vikt då den återutsattes
Sutare maska 55 ingen vikt då den återutsattes"
6697110,676165,Uppsala län,Forsmark,SKB akustik sjöar,"Nordiskt översiktsnät - Bnord12 (43,19,6,10,55,8,12,24,15,5,35,29)",Eckarfjärden (insjö),, -,NEJ,2014-09-04,1,Provfiskad ,Gädda,1,,"0,864","1,00",natt,1,översiktsnät,1,"60,37198","18,19512","K098
Gädda maska 10 ingen vikt då den återutsattes
Sutare maska 55 ingen vikt då den återutsattes"
6697110,676165,Uppsala län,Forsmark,SKB akustik sjöar,"Nordiskt översiktsnät - Bnord12 (43,19,6,10,55,8,12,24,15,5,35,29)",Eckarfjärden (insjö),, -,NEJ,2014-09-04,1,Provfiskad ,Gärs,1,"0,023","0,018","1,00",natt,1,översiktsnät,1,"60,37198","18,19512","K098
Gädda maska 10 ingen vikt då den återutsattes
Sutare maska 55 ingen vikt då den återutsattes"
6697110,676165,Uppsala län,Forsmark,SKB akustik sjöar,"Nordiskt översiktsnät - Bnord12 (43,19,6,10,55,8,12,24,15,5,35,29)",Eckarfjärden (insjö),, -,NEJ,2014-09-04,1,Provfiskad ,Mört,21,"0,420","0,424","21,00",natt,1,översiktsnät,1,"60,37198","18,19512","K098
Gädda maska 10 ingen vikt då den återutsattes
Sutare maska 55 ingen vikt då den återutsattes"
6697110,676165,Uppsala län,Forsmark,SKB akustik sjöar,"Nordiskt översiktsnät - Bnord12 (43,19,6,10,55,8,12,24,15,5,35,29)",Eckarfjärden (insjö),, -,NEJ,2014-09-04,1,Provfiskad ,Sutare,3,"1,298","2,475","3,00",natt,1,översiktsnät,1,"60,37198","18,19512","K098
Gädda maska 10 ingen vikt då den återutsattes
Sutare maska 55 ingen vikt då den återutsattes"
6697009,676256,Uppsala län,Forsmark,SKB akustik sjöar,"Nordiskt översiktsnät - Bnord12 (43,19,6,10,55,8,12,24,15,5,35,29)",Eckarfjärden (insjö),, -,NEJ,2013-09-04,1,Provfiskad ,Abborre,30,"0,582","0,590","30,00",natt,1,översiktsnät,1,"60,37103","18,19668","Station 4; djup 1,7 m"
6697009,676256,Uppsala län,Forsmark,SKB akustik sjöar,"Nordiskt översiktsnät - Bnord12 (43,19,6,10,55,8,12,24,15,5,35,29)",Eckarfjärden (insjö),, -,NEJ,2013-09-04,1,Provfiskad ,Mört,6,"0,105","0,108","6,00",natt,1,översiktsnät,1,"60,37103","18,19668","Station 4; djup 1,7 m"
6696920,676147,Uppsala län,Forsmark,SKB akustik sjöar,"Nordiskt översiktsnät - Bnord12 (43,19,6,10,55,8,12,24,15,5,35,29)",Eckarfjärden (insjö),, -,NEJ,2014-09-04,1,Provfiskad ,Abborre,36,"1,777","1,976","36,00",natt,1,översiktsnät,1,"60,37028","18,19463",K098
6696920,676147,Uppsala län,Forsmark,SKB akustik sjöar,"Nordiskt översiktsnät - Bnord12 (43,19,6,10,55,8,12,24,15,5,35,29)",Eckarfjärden (insjö),, -,NEJ,2014-09-04,1,Provfiskad ,Mört,9,"0,127","0,132","9,00",natt,1,översiktsnät,1,"60,37028","18,19463",K098
6696906,676328,Uppsala län,Forsmark,SKB akustik sjöar,"Nordiskt översiktsnät - Bnord12 (43,19,6,10,55,8,12,24,15,5,35,29)",Eckarfjärden (insjö),, -,NEJ,2014-09-04,1,Provfiskad ,Abborre,51,"1,683","1,914","51,00",natt,1,översiktsnät,1,"60,37008","18,19788",K098
6696906,676328,Uppsala län,Forsmark,SKB akustik sjöar,"Nordiskt översiktsnät - Bnord12 (43,19,6,10,55,8,12,24,15,5,35,29)",Eckarfjärden (insjö),, -,NEJ,2014-09-04,1,Provfiskad ,Gädda,1,"3,784","3,581","1,00",natt,1,översiktsnät,1,"60,37008","18,19788",K098
6696906,676328,Uppsala län,Forsmark,SKB akustik sjöar,"Nordiskt översiktsnät - Bnord12 (43,19,6,10,55,8,12,24,15,5,35,29)",Eckarfjärden (insjö),, -,NEJ,2014-09-04,1,Provfiskad ,Mört,12,"0,244","0,256","12,00",natt,1,översiktsnät,1,"60,37008","18,19788",K098
6696906,676328,Uppsala län,Forsmark,SKB akustik sjöar,"Nordiskt översiktsnät - Bnord12 (43,19,6,10,55,8,12,24,15,5,35,29)",Eckarfjärden (insjö),, -,NEJ,2014-09-04,1,Provfiskad ,Sutare,1,"0,003","0,004","1,00",natt,1,översiktsnät,1,"60,37008","18,19788",K098
6696810,676553,Uppsala län,Forsmark,SKB akustik sjöar,"Nordiskt översiktsnät - Bnord12 (43,19,6,10,55,8,12,24,15,5,35,29)",Eckarfjärden (insjö),, -,NEJ,2013-09-04,1,Provfiskad ,Abborre,9,"0,247","0,250","9,00",natt,1,översiktsnät,1,"60,36912","18,20188","Station 3; djup 2,2 m"
6696810,676553,Uppsala län,Forsmark,SKB akustik sjöar,"Nordiskt översiktsnät - Bnord12 (43,19,6,10,55,8,12,24,15,5,35,29)",Eckarfjärden (insjö),, -,NEJ,2013-09-04,1,Provfiskad ,Mört,8,"0,193","0,199","8,00",natt,1,översiktsnät,1,"60,36912","18,20188","Station 3; djup 2,2 m"
6696810,676553,Uppsala län,Forsmark,SKB akustik sjöar,"Nordiskt översiktsnät - Bnord12 (43,19,6,10,55,8,12,24,15,5,35,29)",Eckarfjärden (insjö),, -,NEJ,2013-09-04,1,Provfiskad ,Sutare,2,"1,797","1,623","2,00",natt,1,översiktsnät,1,"60,36912","18,20188","Station 3; djup 2,2 m"
6696784,676297,Uppsala län,Forsmark,SKB akustik sjöar,"Nordiskt översiktsnät - Bnord12 (43,19,6,10,55,8,12,24,15,5,35,29)",Eckarfjärden (insjö),, -,NEJ,2014-09-04,1,Provfiskad ,Abborre,38,"1,449","1,607","38,00",natt,1,översiktsnät,1,"60,36900","18,19722",K098
6696784,676297,Uppsala län,Forsmark,SKB akustik sjöar,"Nordiskt översiktsnät - Bnord12 (43,19,6,10,55,8,12,24,15,5,35,29)",Eckarfjärden (insjö),, -,NEJ,2014-09-04,1,Provfiskad ,Mört,15,"0,191","0,215","15,00",natt,1,översiktsnät,1,"60,36900","18,19722",K098
6696708,676497,Uppsala län,Forsmark,SKB akustik sjöar,"Nordiskt översiktsnät - Bnord12 (43,19,6,10,55,8,12,24,15,5,35,29)",Eckarfjärden (insjö),, -,NEJ,2013-09-04,1,Provfiskad ,Abborre,20,"0,410","0,400","20,00",natt,1,översiktsnät,1,"60,36823","18,20077","Station 5; djup 1,7 m"
6696708,676497,Uppsala län,Forsmark,SKB akustik sjöar,"Nordiskt översiktsnät - Bnord12 (43,19,6,10,55,8,12,24,15,5,35,29)",Eckarfjärden (insjö),, -,NEJ,2013-09-04,1,Provfiskad ,Mört,12,"0,174","0,177","12,00",natt,1,översiktsnät,1,"60,36823","18,20077","Station 5; djup 1,7 m"
6696708,676497,Uppsala län,Forsmark,SKB akustik sjöar,"Nordiskt översiktsnät - Bnord12 (43,19,6,10,55,8,12,24,15,5,35,29)",Eckarfjärden (insjö),, -,NEJ,2013-09-04,1,Provfiskad ,Sutare,2,"0,666","0,576","2,00",natt,1,översiktsnät,1,"60,36823","18,20077","Station 5; djup 1,7 m"
6696676,676432,Uppsala län,Forsmark,SKB akustik sjöar,"Nordiskt översiktsnät - Bnord12 (43,19,6,10,55,8,12,24,15,5,35,29)",Eckarfjärden (insjö),, -,NEJ,2013-09-04,1,Provfiskad ,Abborre,31,"0,344","0,340","31,00",natt,1,översiktsnät,1,"60,36797","18,19957","Station 2; djup 1,6 m"
6696676,676432,Uppsala län,Forsmark,SKB akustik sjöar,"Nordiskt översiktsnät - Bnord12 (43,19,6,10,55,8,12,24,15,5,35,29)",Eckarfjärden (insjö),, -,NEJ,2013-09-04,1,Provfiskad ,Mört,17,"0,367","0,364","17,00",natt,1,översiktsnät,1,"60,36797","18,19957","Station 2; djup 1,6 m"
6696676,676432,Uppsala län,Forsmark,SKB akustik sjöar,"Nordiskt översiktsnät - Bnord12 (43,19,6,10,55,8,12,24,15,5,35,29)",Eckarfjärden (insjö),, -,NEJ,2013-09-04,1,Provfiskad ,Sutare,1,"1,097","0,946","1,00",natt,1,översiktsnät,1,"60,36797","18,19957","Station 2; djup 1,6 m"
6696669,676291,Uppsala län,Forsmark,SKB akustik sjöar,"Nordiskt översiktsnät - Bnord12 (43,19,6,10,55,8,12,24,15,5,35,29)",Eckarfjärden (insjö),, -,NEJ,2014-09-04,1,Provfiskad ,Abborre,54,"1,375","1,472","54,00",natt,1,översiktsnät,1,"60,36797","18,19700",K098
6696669,676291,Uppsala län,Forsmark,SKB akustik sjöar,"Nordiskt översiktsnät - Bnord12 (43,19,6,10,55,8,12,24,15,5,35,29)",Eckarfjärden (insjö),, -,NEJ,2014-09-04,1,Provfiskad ,Gärs,1,"0,010","0,010","1,00",natt,1,översiktsnät,1,"60,36797","18,19700",K098
6696669,676291,Uppsala län,Forsmark,SKB akustik sjöar,"Nordiskt översiktsnät - Bnord12 (43,19,6,10,55,8,12,24,15,5,35,29)",Eckarfjärden (insjö),, -,NEJ,2014-09-04,1,Provfiskad ,Mört,19,"0,616","0,638","19,00",natt,1,översiktsnät,1,"60,36797","18,19700",K098
6696669,676291,Uppsala län,Forsmark,SKB akustik sjöar,"Nordiskt översiktsnät - Bnord12 (43,19,6,10,55,8,12,24,15,5,35,29)",Eckarfjärden (insjö),, -,NEJ,2014-09-04,1,Provfiskad ,Sutare,3,"4,122","4,077","3,00",natt,1,översiktsnät,1,"60,36797","18,19700",K098
6696611,676455,Uppsala län,Forsmark,SKB akustik sjöar,"Nordiskt översiktsnät - Bnord12 (43,19,6,10,55,8,12,24,15,5,35,29)",Eckarfjärden (insjö),, -,NEJ,2014-09-04,1,Provfiskad ,Abborre,46,"1,027","1,156","46,00",natt,1,översiktsnät,1,"60,36738","18,19992","K098
gädda på maska 35 har ingen vikt då den återutsattes"
6696611,676455,Uppsala län,Forsmark,SKB akustik sjöar,"Nordiskt översiktsnät - Bnord12 (43,19,6,10,55,8,12,24,15,5,35,29)",Eckarfjärden (insjö),, -,NEJ,2014-09-04,1,Provfiskad ,Gädda,1,,"1,090","1,00",natt,1,översiktsnät,1,"60,36738","18,19992","K098
gädda på maska 35 har ingen vikt då den återutsattes"
6696611,676455,Uppsala län,Forsmark,SKB akustik sjöar,"Nordiskt översiktsnät - Bnord12 (43,19,6,10,55,8,12,24,15,5,35,29)",Eckarfjärden (insjö),, -,NEJ,2014-09-04,1,Provfiskad ,Gärs,2,"0,026","0,023","2,00",natt,1,översiktsnät,1,"60,36738","18,19992","K098
gädda på maska 35 har ingen vikt då den återutsattes"
6696611,676455,Uppsala län,Forsmark,SKB akustik sjöar,"Nordiskt översiktsnät - Bnord12 (43,19,6,10,55,8,12,24,15,5,35,29)",Eckarfjärden (insjö),, -,NEJ,2014-09-04,1,Provfiskad ,Mört,22,"0,384","0,408","22,00",natt,1,översiktsnät,1,"60,36738","18,19992","K098
gädda på maska 35 har ingen vikt då den återutsattes"
6696611,676455,Uppsala län,Forsmark,SKB akustik sjöar,"Nordiskt översiktsnät - Bnord12 (43,19,6,10,55,8,12,24,15,5,35,29)",Eckarfjärden (insjö),, -,NEJ,2014-09-04,1,Provfiskad ,Sutare,1,"0,002","0,002","1,00",natt,1,översiktsnät,1,"60,36738","18,19992","K098
gädda på maska 35 har ingen vikt då den återutsattes"
6696528,676422,Uppsala län,Forsmark,SKB akustik sjöar,"Nordiskt översiktsnät - Bnord12 (43,19,6,10,55,8,12,24,15,5,35,29)",Eckarfjärden (insjö),, -,NEJ,2013-09-04,1,Provfiskad ,Abborre,29,"1,206","1,261","29,00",natt,1,översiktsnät,1,"60,36665","18,19925","Station 1; djup 2,0 m"
6696528,676422,Uppsala län,Forsmark,SKB akustik sjöar,"Nordiskt översiktsnät - Bnord12 (43,19,6,10,55,8,12,24,15,5,35,29)",Eckarfjärden (insjö),, -,NEJ,2013-09-04,1,Provfiskad ,Gärs,5,"0,014","0,013","5,00",natt,1,översiktsnät,1,"60,36665","18,19925","Station 1; djup 2,0 m"
6696528,676422,Uppsala län,Forsmark,SKB akustik sjöar,"Nordiskt översiktsnät - Bnord12 (43,19,6,10,55,8,12,24,15,5,35,29)",Eckarfjärden (insjö),, -,NEJ,2013-09-04,1,Provfiskad ,Mört,15,"0,586","0,558","15,00",natt,1,översiktsnät,1,"60,36665","18,19925","Station 1; djup 2,0 m"
6697441,677590,Uppsala län,Forsmark,SKB akustik sjöar,"Nordiskt översiktsnät - Bnord12 (43,19,6,10,55,8,12,24,15,5,35,29)",Fiskarfjärden (insjö),, -,NEJ,2013-06-14,1,Provfiskad ,Abborre,28,"0,808","0,881","28,00",natt,1,översiktsnät,1,"60,37432","18,22120",Station 6
6697441,677590,Uppsala län,Forsmark,SKB akustik sjöar,"Nordiskt översiktsnät - Bnord12 (43,19,6,10,55,8,12,24,15,5,35,29)",Fiskarfjärden (insjö),, -,NEJ,2013-06-14,1,Provfiskad ,Gärs,1,"0,008","0,007","1,00",natt,1,översiktsnät,1,"60,37432","18,22120",Station 6
6697441,677590,Uppsala län,Forsmark,SKB akustik sjöar,"Nordiskt översiktsnät - Bnord12 (43,19,6,10,55,8,12,24,15,5,35,29)",Fiskarfjärden (insjö),, -,NEJ,2013-06-14,1,Provfiskad ,Mört,2,"0,108","0,117","2,00",natt,1,översiktsnät,1,"60,37432","18,22120",Station 6
6697441,677590,Uppsala län,Forsmark,SKB akustik sjöar,"Nordiskt översiktsnät - Bnord12 (43,19,6,10,55,8,12,24,15,5,35,29)",Fiskarfjärden (insjö),, -,NEJ,2013-06-14,1,Provfiskad ,Ruda,18,"7,991","7,975","18,00",natt,1,översiktsnät,1,"60,37432","18,22120",Station 6
6697441,677590,Uppsala län,Forsmark,SKB akustik sjöar,"Nordiskt översiktsnät - Bnord12 (43,19,6,10,55,8,12,24,15,5,35,29)",Fiskarfjärden (insjö),, -,NEJ,2013-06-14,1,Provfiskad ,Sutare,3,"1,556","1,735","3,00",natt,1,översiktsnät,1,"60,37432","18,22120",Station 6
6697369,677189,Uppsala län,Forsmark,SKB akustik sjöar,"Nordiskt översiktsnät - Bnord12 (43,19,6,10,55,8,12,24,15,5,35,29)",Fiskarfjärden (insjö),, -,NEJ,2013-06-14,1,Provfiskad ,Abborre,39,"1,792","1,998","39,00",natt,1,översiktsnät,1,"60,37385","18,21388",Station 5
6697369,677189,Uppsala län,Forsmark,SKB akustik sjöar,"Nordiskt översiktsnät - Bnord12 (43,19,6,10,55,8,12,24,15,5,35,29)",Fiskarfjärden (insjö),, -,NEJ,2013-06-14,1,Provfiskad ,Ruda,6,"2,893","2,984","6,00",natt,1,översiktsnät,1,"60,37385","18,21388",Station 5
6697369,677189,Uppsala län,Forsmark,SKB akustik sjöar,"Nordiskt översiktsnät - Bnord12 (43,19,6,10,55,8,12,24,15,5,35,29)",Fiskarfjärden (insjö),, -,NEJ,2013-06-14,1,Provfiskad ,Sutare,6,"2,707","2,865","6,00",natt,1,översiktsnät,1,"60,37385","18,21388",Station 5
6697351,677224,Uppsala län,Forsmark,SKB akustik sjöar,"Nordiskt översiktsnät - Bnord12 (43,19,6,10,55,8,12,24,15,5,35,29)",Fiskarfjärden (insjö),, -,NEJ,2013-08-30,1,Provfiskad ,Abborre,20,"0,953","1,190","20,00",natt,1,översiktsnät,1,"60,37368","18,21450",Station 4
6697351,677224,Uppsala län,Forsmark,SKB akustik sjöar,"Nordiskt översiktsnät - Bnord12 (43,19,6,10,55,8,12,24,15,5,35,29)",Fiskarfjärden (insjö),, -,NEJ,2013-08-30,1,Provfiskad ,Gärs,1,"0,005","0,005","1,00",natt,1,översiktsnät,1,"60,37368","18,21450",Station 4
6697351,677224,Uppsala län,Forsmark,SKB akustik sjöar,"Nordiskt översiktsnät - Bnord12 (43,19,6,10,55,8,12,24,15,5,35,29)",Fiskarfjärden (insjö),, -,NEJ,2013-08-30,1,Provfiskad ,Löja,1,"0,002","0,001","1,00",natt,1,översiktsnät,1,"60,37368","18,21450",Station 4
6697351,677224,Uppsala län,Forsmark,SKB akustik sjöar,"Nordiskt översiktsnät - Bnord12 (43,19,6,10,55,8,12,24,15,5,35,29)",Fiskarfjärden (insjö),, -,NEJ,2013-08-30,1,Provfiskad ,Mört,9,"0,447","0,445","9,00",natt,1,översiktsnät,1,"60,37368","18,21450",Station 4
6697351,677224,Uppsala län,Forsmark,SKB akustik sjöar,"Nordiskt översiktsnät - Bnord12 (43,19,6,10,55,8,12,24,15,5,35,29)",Fiskarfjärden (insjö),, -,NEJ,2013-08-30,1,Provfiskad ,Ruda,14,"5,999","6,157","14,00",natt,1,översiktsnät,1,"60,37368","18,21450",Station 4
6697351,677224,Uppsala län,Forsmark,SKB akustik sjöar,"Nordiskt översiktsnät - Bnord12 (43,19,6,10,55,8,12,24,15,5,35,29)",Fiskarfjärden (insjö),, -,NEJ,2013-08-30,1,Provfiskad ,Sutare,3,"1,418","1,787","3,00",natt,1,översiktsnät,1,"60,37368","18,21450",Station 4
6697078,677446,Uppsala län,Forsmark,SKB akustik sjöar,"Nordiskt översiktsnät - Bnord12 (43,19,6,10,55,8,12,24,15,5,35,29)",Fiskarfjärden (insjö),, -,NEJ,2013-08-30,1,Provfiskad ,Abborre,10,"0,643","0,768","10,00",natt,1,översiktsnät,1,"60,37113","18,21827",Station 3
6697078,677446,Uppsala län,Forsmark,SKB akustik sjöar,"Nordiskt översiktsnät - Bnord12 (43,19,6,10,55,8,12,24,15,5,35,29)",Fiskarfjärden (insjö),, -,NEJ,2013-08-30,1,Provfiskad ,Gärs,1,"0,012","0,010","1,00",natt,1,översiktsnät,1,"60,37113","18,21827",Station 3
6697078,677446,Uppsala län,Forsmark,SKB akustik sjöar,"Nordiskt översiktsnät - Bnord12 (43,19,6,10,55,8,12,24,15,5,35,29)",Fiskarfjärden (insjö),, -,NEJ,2013-08-30,1,Provfiskad ,Mört,8,"0,266","0,269","8,00",natt,1,översiktsnät,1,"60,37113","18,21827",Station 3
6697078,677446,Uppsala län,Forsmark,SKB akustik sjöar,"Nordiskt översiktsnät - Bnord12 (43,19,6,10,55,8,12,24,15,5,35,29)",Fiskarfjärden (insjö),, -,NEJ,2013-08-30,1,Provfiskad ,Ruda,14,"4,793","5,039","14,00",natt,1,översiktsnät,1,"60,37113","18,21827",Station 3
6697078,677446,Uppsala län,Forsmark,SKB akustik sjöar,"Nordiskt översiktsnät - Bnord12 (43,19,6,10,55,8,12,24,15,5,35,29)",Fiskarfjärden (insjö),, -,NEJ,2013-08-30,1,Provfiskad ,Sutare,1,"0,362","0,377","1,00",natt,1,översiktsnät,1,"60,37113","18,21827",Station 3
6697062,677467,Uppsala län,Forsmark,SKB akustik sjöar,"Drottningholm12 10-60-30-43-22-50-33-12,5-25-38-75-16,5",Fiskarfjärden (insjö),, -,NEJ,2013-06-14,1,Provfiskad ,Abborre,42,"2,952","3,605","42,00",natt,1,översiktsnät,1,"60,37098","18,21865",Station 4
6697062,677467,Uppsala län,Forsmark,SKB akustik sjöar,"Drottningholm12 10-60-30-43-22-50-33-12,5-25-38-75-16,5",Fiskarfjärden (insjö),, -,NEJ,2013-06-14,1,Provfiskad ,Mört,2,"0,068","0,070","2,00",natt,1,översiktsnät,1,"60,37098","18,21865",Station 4
6697062,677467,Uppsala län,Forsmark,SKB akustik sjöar,"Drottningholm12 10-60-30-43-22-50-33-12,5-25-38-75-16,5",Fiskarfjärden (insjö),, -,NEJ,2013-06-14,1,Provfiskad ,Ruda,24,"9,448","9,378","24,00",natt,1,översiktsnät,1,"60,37098","18,21865",Station 4
6697062,677467,Uppsala län,Forsmark,SKB akustik sjöar,"Drottningholm12 10-60-30-43-22-50-33-12,5-25-38-75-16,5",Fiskarfjärden (insjö),, -,NEJ,2013-06-14,1,Provfiskad ,Sutare,2,"1,144","1,127","2,00",natt,1,översiktsnät,1,"60,37098","18,21865",Station 4
6696780,677636,Uppsala län,Forsmark,SKB akustik sjöar,"Drottningholm12 10-60-30-43-22-50-33-12,5-25-38-75-16,5",Fiskarfjärden (insjö),, -,NEJ,2013-06-14,1,Provfiskad ,Abborre,77,"2,795","3,341","77,00",natt,1,översiktsnät,1,"60,36838","18,22145",Station 3
6696780,677636,Uppsala län,Forsmark,SKB akustik sjöar,"Drottningholm12 10-60-30-43-22-50-33-12,5-25-38-75-16,5",Fiskarfjärden (insjö),, -,NEJ,2013-06-14,1,Provfiskad ,Mört,9,"0,440","0,452","9,00",natt,1,översiktsnät,1,"60,36838","18,22145",Station 3
6696780,677636,Uppsala län,Forsmark,SKB akustik sjöar,"Drottningholm12 10-60-30-43-22-50-33-12,5-25-38-75-16,5",Fiskarfjärden (insjö),, -,NEJ,2013-06-14,1,Provfiskad ,Ruda,11,"5,221","5,564","11,00",natt,1,översiktsnät,1,"60,36838","18,22145",Station 3
6696780,677636,Uppsala län,Forsmark,SKB akustik sjöar,"Drottningholm12 10-60-30-43-22-50-33-12,5-25-38-75-16,5",Fiskarfjärden (insjö),, -,NEJ,2013-06-14,1,Provfiskad ,Sutare,6,"3,181","3,219","6,00",natt,1,översiktsnät,1,"60,36838","18,22145",Station 3
6696775,677657,Uppsala län,Forsmark,SKB akustik sjöar,"Nordiskt översiktsnät - Bnord12 (43,19,6,10,55,8,12,24,15,5,35,29)",Fiskarfjärden (insjö),, -,NEJ,2013-08-30,1,Provfiskad ,Abborre,30,"1,044","1,265","30,00",natt,1,översiktsnät,1,"60,36832","18,22182",Station 2
6696775,677657,Uppsala län,Forsmark,SKB akustik sjöar,"Nordiskt översiktsnät - Bnord12 (43,19,6,10,55,8,12,24,15,5,35,29)",Fiskarfjärden (insjö),, -,NEJ,2013-08-30,1,Provfiskad ,Gärs,1,"0,005","0,005","1,00",natt,1,översiktsnät,1,"60,36832","18,22182",Station 2
6696775,677657,Uppsala län,Forsmark,SKB akustik sjöar,"Nordiskt översiktsnät - Bnord12 (43,19,6,10,55,8,12,24,15,5,35,29)",Fiskarfjärden (insjö),, -,NEJ,2013-08-30,1,Provfiskad ,Mört,22,"0,928","0,991","22,00",natt,1,översiktsnät,1,"60,36832","18,22182",Station 2
6696775,677657,Uppsala län,Forsmark,SKB akustik sjöar,"Nordiskt översiktsnät - Bnord12 (43,19,6,10,55,8,12,24,15,5,35,29)",Fiskarfjärden (insjö),, -,NEJ,2013-08-30,1,Provfiskad ,Ruda,22,"10,095","10,696","22,00",natt,1,översiktsnät,1,"60,36832","18,22182",Station 2
6696775,677657,Uppsala län,Forsmark,SKB akustik sjöar,"Nordiskt översiktsnät - Bnord12 (43,19,6,10,55,8,12,24,15,5,35,29)",Fiskarfjärden (insjö),, -,NEJ,2013-08-30,1,Provfiskad ,Sutare,2,"0,776","0,940","2,00",natt,1,översiktsnät,1,"60,36832","18,22182",Station 2
6696772,677765,Uppsala län,Forsmark,SKB akustik sjöar,"Nordiskt översiktsnät - Bnord12 (43,19,6,10,55,8,12,24,15,5,35,29)",Fiskarfjärden (insjö),, -,NEJ,2013-08-30,1,Provfiskad ,Abborre,28,"1,140","1,346","28,00",natt,1,översiktsnät,1,"60,36825","18,22378",Station 1
6696772,677765,Uppsala län,Forsmark,SKB akustik sjöar,"Nordiskt översiktsnät - Bnord12 (43,19,6,10,55,8,12,24,15,5,35,29)",Fiskarfjärden (insjö),, -,NEJ,2013-08-30,1,Provfiskad ,Björkna,1,"0,040","0,039","1,00",natt,1,översiktsnät,1,"60,36825","18,22378",Station 1
6696772,677765,Uppsala län,Forsmark,SKB akustik sjöar,"Nordiskt översiktsnät - Bnord12 (43,19,6,10,55,8,12,24,15,5,35,29)",Fiskarfjärden (insjö),, -,NEJ,2013-08-30,1,Provfiskad ,Gärs,1,"0,005","0,005","1,00",natt,1,översiktsnät,1,"60,36825","18,22378",Station 1
6696772,677765,Uppsala län,Forsmark,SKB akustik sjöar,"Nordiskt översiktsnät - Bnord12 (43,19,6,10,55,8,12,24,15,5,35,29)",Fiskarfjärden (insjö),, -,NEJ,2013-08-30,1,Provfiskad ,Mört,18,"0,902","0,954","18,00",natt,1,översiktsnät,1,"60,36825","18,22378",Station 1
6696772,677765,Uppsala län,Forsmark,SKB akustik sjöar,"Nordiskt översiktsnät - Bnord12 (43,19,6,10,55,8,12,24,15,5,35,29)",Fiskarfjärden (insjö),, -,NEJ,2013-08-30,1,Provfiskad ,Ruda,7,"3,789","4,031","7,00",natt,1,översiktsnät,1,"60,36825","18,22378",Station 1
6696772,677765,Uppsala län,Forsmark,SKB akustik sjöar,"Nordiskt översiktsnät - Bnord12 (43,19,6,10,55,8,12,24,15,5,35,29)",Fiskarfjärden (insjö),, -,NEJ,2013-08-30,1,Provfiskad ,Sutare,1,"0,648","0,738","1,00",natt,1,översiktsnät,1,"60,36825","18,22378",Station 1
6696761,677812,Uppsala län,Forsmark,SKB akustik sjöar,"Drottningholm12 10-60-30-43-22-50-33-12,5-25-38-75-16,5",Fiskarfjärden (insjö),, -,NEJ,2013-06-14,1,Provfiskad ,Abborre,56,"1,913","2,150","56,00",natt,1,översiktsnät,1,"60,36813","18,22463",Station 1
6696761,677812,Uppsala län,Forsmark,SKB akustik sjöar,"Drottningholm12 10-60-30-43-22-50-33-12,5-25-38-75-16,5",Fiskarfjärden (insjö),, -,NEJ,2013-06-14,1,Provfiskad ,Mört,3,"0,146","0,147","3,00",natt,1,översiktsnät,1,"60,36813","18,22463",Station 1
6696761,677812,Uppsala län,Forsmark,SKB akustik sjöar,"Drottningholm12 10-60-30-43-22-50-33-12,5-25-38-75-16,5",Fiskarfjärden (insjö),, -,NEJ,2013-06-14,1,Provfiskad ,Ruda,12,"5,152","5,143","12,00",natt,1,översiktsnät,1,"60,36813","18,22463",Station 1
6696761,677812,Uppsala län,Forsmark,SKB akustik sjöar,"Drottningholm12 10-60-30-43-22-50-33-12,5-25-38-75-16,5",Fiskarfjärden (insjö),, -,NEJ,2013-06-14,1,Provfiskad ,Sutare,4,"1,943","1,912","4,00",natt,1,översiktsnät,1,"60,36813","18,22463",Station 1
6696740,677721,Uppsala län,Forsmark,SKB akustik sjöar,"Drottningholm12 10-60-30-43-22-50-33-12,5-25-38-75-16,5",Fiskarfjärden (insjö),, -,NEJ,2013-06-14,1,Provfiskad ,Abborre,75,"2,135","2,391","75,00",natt,1,översiktsnät,1,"60,36798","18,22295",Station 2
6696740,677721,Uppsala län,Forsmark,SKB akustik sjöar,"Drottningholm12 10-60-30-43-22-50-33-12,5-25-38-75-16,5",Fiskarfjärden (insjö),, -,NEJ,2013-06-14,1,Provfiskad ,Mört,3,"0,144","0,141","3,00",natt,1,översiktsnät,1,"60,36798","18,22295",Station 2
6696740,677721,Uppsala län,Forsmark,SKB akustik sjöar,"Drottningholm12 10-60-30-43-22-50-33-12,5-25-38-75-16,5",Fiskarfjärden (insjö),, -,NEJ,2013-06-14,1,Provfiskad ,Ruda,18,"6,957","6,632","18,00",natt,1,översiktsnät,1,"60,36798","18,22295",Station 2
6696740,677721,Uppsala län,Forsmark,SKB akustik sjöar,"Drottningholm12 10-60-30-43-22-50-33-12,5-25-38-75-16,5",Fiskarfjärden (insjö),, -,NEJ,2013-06-14,1,Provfiskad ,Sutare,8,"4,282","4,304","8,00",natt,1,översiktsnät,1,"60,36798","18,22295",Station 2
6900757,635761,Västernorrlands/Gävleborgs län,Svensk kust inom ICES Subdivision 30,Salens naturreservat,"Nordiska kustöversiktsnät (30,15,38,10,48,12,24,60,19 mm)",Salens Naturreservat,101, -,NEJ,2013-08-21,1,Provfiskad ,Abborre,25,"1,294","1,342","25,00",natt,1,översiktsnät,1,"62,21400","17,61082",
6900757,635761,Västernorrlands/Gävleborgs län,Svensk kust inom ICES Subdivision 30,Salens naturreservat,"Nordiska kustöversiktsnät (30,15,38,10,48,12,24,60,19 mm)",Salens Naturreservat,101, -,NEJ,2013-08-21,1,Provfiskad ,Id,1,"0,925","0,864","1,00",natt,1,översiktsnät,1,"62,21400","17,61082",
6900757,635761,Västernorrlands/Gävleborgs län,Svensk kust inom ICES Subdivision 30,Salens naturreservat,"Nordiska kustöversiktsnät (30,15,38,10,48,12,24,60,19 mm)",Salens Naturreservat,101, -,NEJ,2013-08-21,1,Provfiskad ,Löja,59,"0,755","0,725","59,00",natt,1,översiktsnät,1,"62,21400","17,61082",
6900757,635761,Västernorrlands/Gävleborgs län,Svensk kust inom ICES Subdivision 30,Salens naturreservat,"Nordiska kustöversiktsnät (30,15,38,10,48,12,24,60,19 mm)",Salens Naturreservat,101, -,NEJ,2013-08-21,1,Provfiskad ,Mört,6,"0,446","0,420","6,00",natt,1,översiktsnät,1,"62,21400","17,61082",
6900757,635761,Västernorrlands/Gävleborgs län,Svensk kust inom ICES Subdivision 30,Salens naturreservat,"Nordiska kustöversiktsnät (30,15,38,10,48,12,24,60,19 mm)",Salens Naturreservat,101, -,NEJ,2013-08-21,1,Provfiskad ,Storspigg,5,"0,018","0,018","5,00",natt,1,översiktsnät,1,"62,21400","17,61082",
6900859,635884,Västernorrlands/Gävleborgs län,Svensk kust inom ICES Subdivision 30,Salens naturreservat,"Nordiska kustöversiktsnät (30,15,38,10,48,12,24,60,19 mm)",Salens Naturreservat,102, -,NEJ,2013-08-21,1,Provfiskad ,Abborre,63,"5,137","5,053","63,00",natt,1,översiktsnät,1,"62,21487","17,61326",
6900859,635884,Västernorrlands/Gävleborgs län,Svensk kust inom ICES Subdivision 30,Salens naturreservat,"Nordiska kustöversiktsnät (30,15,38,10,48,12,24,60,19 mm)",Salens Naturreservat,102, -,NEJ,2013-08-21,1,Provfiskad ,Löja,39,"0,604","0,586","39,00",natt,1,översiktsnät,1,"62,21487","17,61326",
6900859,635884,Västernorrlands/Gävleborgs län,Svensk kust inom ICES Subdivision 30,Salens naturreservat,"Nordiska kustöversiktsnät (30,15,38,10,48,12,24,60,19 mm)",Salens Naturreservat,102, -,NEJ,2013-08-21,1,Provfiskad ,Mört,12,"1,018","0,952","12,00",natt,1,översiktsnät,1,"62,21487","17,61326",
6900859,635884,Västernorrlands/Gävleborgs län,Svensk kust inom ICES Subdivision 30,Salens naturreservat,"Nordiska kustöversiktsnät (30,15,38,10,48,12,24,60,19 mm)",Salens Naturreservat,102, -,NEJ,2013-08-21,1,Provfiskad ,Ruda,3,"4,567","3,679","3,00",natt,1,översiktsnät,1,"62,21487","17,61326",
6900972,635908,Västernorrlands/Gävleborgs län,Svensk kust inom ICES Subdivision 30,Salens naturreservat,"Nordiska kustöversiktsnät (30,15,38,10,48,12,24,60,19 mm)",Salens Naturreservat,103, -,NEJ,2013-08-21,1,Provfiskad ,Abborre,11,"0,919","0,921","11,00",natt,1,översiktsnät,1,"62,21587","17,61381",
6900972,635908,Västernorrlands/Gävleborgs län,Svensk kust inom ICES Subdivision 30,Salens naturreservat,"Nordiska kustöversiktsnät (30,15,38,10,48,12,24,60,19 mm)",Salens Naturreservat,103, -,NEJ,2013-08-21,1,Provfiskad ,Löja,10,"0,185","0,166","10,00",natt,1,översiktsnät,1,"62,21587","17,61381",
6900972,635908,Västernorrlands/Gävleborgs län,Svensk kust inom ICES Subdivision 30,Salens naturreservat,"Nordiska kustöversiktsnät (30,15,38,10,48,12,24,60,19 mm)",Salens Naturreservat,103, -,NEJ,2013-08-21,1,Provfiskad ,Mört,5,"0,751","0,723","5,00",natt,1,översiktsnät,1,"62,21587","17,61381",
6900972,635908,Västernorrlands/Gävleborgs län,Svensk kust inom ICES Subdivision 30,Salens naturreservat,"Nordiska kustöversiktsnät (30,15,38,10,48,12,24,60,19 mm)",Salens Naturreservat,103, -,NEJ,2013-08-21,1,Provfiskad ,Storspigg,5,"0,018","0,018","5,00",natt,1,översiktsnät,1,"62,21587","17,61381",
6900933,635743,Västernorrlands/Gävleborgs län,Svensk kust inom ICES Subdivision 30,Salens naturreservat,"Nordiska kustöversiktsnät (30,15,38,10,48,12,24,60,19 mm)",Salens Naturreservat,104, -,NEJ,2013-08-21,1,Provfiskad ,Abborre,84,"1,924","1,984","84,00",natt,1,översiktsnät,1,"62,21558","17,61061",
6900933,635743,Västernorrlands/Gävleborgs län,Svensk kust inom ICES Subdivision 30,Salens naturreservat,"Nordiska kustöversiktsnät (30,15,38,10,48,12,24,60,19 mm)",Salens Naturreservat,104, -,NEJ,2013-08-21,1,Provfiskad ,Gädda,1,"2,824","1,907","1,00",natt,1,översiktsnät,1,"62,21558","17,61061",
6900933,635743,Västernorrlands/Gävleborgs län,Svensk kust inom ICES Subdivision 30,Salens naturreservat,"Nordiska kustöversiktsnät (30,15,38,10,48,12,24,60,19 mm)",Salens Naturreservat,104, -,NEJ,2013-08-21,1,Provfiskad ,Id,1,"1,054","1,010","1,00",natt,1,översiktsnät,1,"62,21558","17,61061",
6900933,635743,Västernorrlands/Gävleborgs län,Svensk kust inom ICES Subdivision 30,Salens naturreservat,"Nordiska kustöversiktsnät (30,15,38,10,48,12,24,60,19 mm)",Salens Naturreservat,104, -,NEJ,2013-08-21,1,Provfiskad ,Löja,56,"0,825","0,833","56,00",natt,1,översiktsnät,1,"62,21558","17,61061",
6900933,635743,Västernorrlands/Gävleborgs län,Svensk kust inom ICES Subdivision 30,Salens naturreservat,"Nordiska kustöversiktsnät (30,15,38,10,48,12,24,60,19 mm)",Salens Naturreservat,104, -,NEJ,2013-08-21,1,Provfiskad ,Mört,15,"1,591","1,544","15,00",natt,1,översiktsnät,1,"62,21558","17,61061",
6900933,635743,Västernorrlands/Gävleborgs län,Svensk kust inom ICES Subdivision 30,Salens naturreservat,"Nordiska kustöversiktsnät (30,15,38,10,48,12,24,60,19 mm)",Salens Naturreservat,104, -,NEJ,2013-08-21,1,Provfiskad ,Ruda,1,"0,982","0,788","1,00",natt,1,översiktsnät,1,"62,21558","17,61061",
6900929,635581,Västernorrlands/Gävleborgs län,Svensk kust inom ICES Subdivision 30,Salens naturreservat,"Nordiska kustöversiktsnät (30,15,38,10,48,12,24,60,19 mm)",Salens Naturreservat,105, -,NEJ,2013-08-21,1,Provfiskad ,Abborre,101,"5,506","5,644","101,00",natt,1,översiktsnät,1,"62,21560","17,60750",
6900929,635581,Västernorrlands/Gävleborgs län,Svensk kust inom ICES Subdivision 30,Salens naturreservat,"Nordiska kustöversiktsnät (30,15,38,10,48,12,24,60,19 mm)",Salens Naturreservat,105, -,NEJ,2013-08-21,1,Provfiskad ,Löja,37,"0,482","0,502","37,00",natt,1,översiktsnät,1,"62,21560","17,60750",
6900929,635581,Västernorrlands/Gävleborgs län,Svensk kust inom ICES Subdivision 30,Salens naturreservat,"Nordiska kustöversiktsnät (30,15,38,10,48,12,24,60,19 mm)",Salens Naturreservat,105, -,NEJ,2013-08-21,1,Provfiskad ,Mört,11,"0,934","0,900","11,00",natt,1,översiktsnät,1,"62,21560","17,60750",
6900929,635581,Västernorrlands/Gävleborgs län,Svensk kust inom ICES Subdivision 30,Salens naturreservat,"Nordiska kustöversiktsnät (30,15,38,10,48,12,24,60,19 mm)",Salens Naturreservat,105, -,NEJ,2013-08-21,1,Provfiskad ,Ruda,3,,"2,837","3,00",natt,1,översiktsnät,1,"62,21560","17,60750",
6900929,635581,Västernorrlands/Gävleborgs län,Svensk kust inom ICES Subdivision 30,Salens naturreservat,"Nordiska kustöversiktsnät (30,15,38,10,48,12,24,60,19 mm)",Salens Naturreservat,105, -,NEJ,2013-08-21,1,Provfiskad ,Strömming,1,"0,012","0,012","1,00",natt,1,översiktsnät,1,"62,21560","17,60750",
6900668,635414,Västernorrlands/Gävleborgs län,Svensk kust inom ICES Subdivision 30,Salens naturreservat,"Nordiska kustöversiktsnät (30,15,38,10,48,12,24,60,19 mm)",Salens Naturreservat,106, -,NEJ,2013-08-22,1,Provfiskad ,Abborre,104,"11,536","11,757","104,00",natt,1,översiktsnät,1,"62,21332","17,60409",
6900668,635414,Västernorrlands/Gävleborgs län,Svensk kust inom ICES Subdivision 30,Salens naturreservat,"Nordiska kustöversiktsnät (30,15,38,10,48,12,24,60,19 mm)",Salens Naturreservat,106, -,NEJ,2013-08-22,1,Provfiskad ,Löja,17,"0,262","0,266","17,00",natt,1,översiktsnät,1,"62,21332","17,60409",
6900668,635414,Västernorrlands/Gävleborgs län,Svensk kust inom ICES Subdivision 30,Salens naturreservat,"Nordiska kustöversiktsnät (30,15,38,10,48,12,24,60,19 mm)",Salens Naturreservat,106, -,NEJ,2013-08-22,1,Provfiskad ,Mört,7,"0,448","0,475","7,00",natt,1,översiktsnät,1,"62,21332","17,60409",
6900711,635234,Västernorrlands/Gävleborgs län,Svensk kust inom ICES Subdivision 30,Salens naturreservat,"Nordiska kustöversiktsnät (30,15,38,10,48,12,24,60,19 mm)",Salens Naturreservat,107, -,NEJ,2013-08-22,1,Provfiskad ,Abborre,46,"1,979","2,037","46,00",natt,1,översiktsnät,1,"62,21377","17,60066",
6900711,635234,Västernorrlands/Gävleborgs län,Svensk kust inom ICES Subdivision 30,Salens naturreservat,"Nordiska kustöversiktsnät (30,15,38,10,48,12,24,60,19 mm)",Salens Naturreservat,107, -,NEJ,2013-08-22,1,Provfiskad ,Gädda,1,"1,927","1,907","1,00",natt,1,översiktsnät,1,"62,21377","17,60066",
6900711,635234,Västernorrlands/Gävleborgs län,Svensk kust inom ICES Subdivision 30,Salens naturreservat,"Nordiska kustöversiktsnät (30,15,38,10,48,12,24,60,19 mm)",Salens Naturreservat,107, -,NEJ,2013-08-22,1,Provfiskad ,Gärs,1,"0,005","0,005","1,00",natt,1,översiktsnät,1,"62,21377","17,60066",
6900711,635234,Västernorrlands/Gävleborgs län,Svensk kust inom ICES Subdivision 30,Salens naturreservat,"Nordiska kustöversiktsnät (30,15,38,10,48,12,24,60,19 mm)",Salens Naturreservat,107, -,NEJ,2013-08-22,1,Provfiskad ,Löja,17,"0,278","0,274","17,00",natt,1,översiktsnät,1,"62,21377","17,60066",
6900711,635234,Västernorrlands/Gävleborgs län,Svensk kust inom ICES Subdivision 30,Salens naturreservat,"Nordiska kustöversiktsnät (30,15,38,10,48,12,24,60,19 mm)",Salens Naturreservat,107, -,NEJ,2013-08-22,1,Provfiskad ,Mört,14,"1,478","1,365","14,00",natt,1,översiktsnät,1,"62,21377","17,60066",
6900711,635234,Västernorrlands/Gävleborgs län,Svensk kust inom ICES Subdivision 30,Salens naturreservat,"Nordiska kustöversiktsnät (30,15,38,10,48,12,24,60,19 mm)",Salens Naturreservat,107, -,NEJ,2013-08-22,1,Provfiskad ,Ruda,7,"6,284","5,068","7,00",natt,1,översiktsnät,1,"62,21377","17,60066",
6900475,635298,Västernorrlands/Gävleborgs län,Svensk kust inom ICES Subdivision 30,Salens naturreservat,"Nordiska kustöversiktsnät (30,15,38,10,48,12,24,60,19 mm)",Salens Naturreservat,108, -,NEJ,2013-08-22,1,Provfiskad ,Abborre,51,"3,344","3,420","51,00",natt,1,översiktsnät,1,"62,21163","17,60171",
6900475,635298,Västernorrlands/Gävleborgs län,Svensk kust inom ICES Subdivision 30,Salens naturreservat,"Nordiska kustöversiktsnät (30,15,38,10,48,12,24,60,19 mm)",Salens Naturreservat,108, -,NEJ,2013-08-22,1,Provfiskad ,Id,1,"0,884","0,935","1,00",natt,1,översiktsnät,1,"62,21163","17,60171",
6900475,635298,Västernorrlands/Gävleborgs län,Svensk kust inom ICES Subdivision 30,Salens naturreservat,"Nordiska kustöversiktsnät (30,15,38,10,48,12,24,60,19 mm)",Salens Naturreservat,108, -,NEJ,2013-08-22,1,Provfiskad ,Löja,20,"0,246","0,270","20,00",natt,1,översiktsnät,1,"62,21163","17,60171",
6900475,635298,Västernorrlands/Gävleborgs län,Svensk kust inom ICES Subdivision 30,Salens naturreservat,"Nordiska kustöversiktsnät (30,15,38,10,48,12,24,60,19 mm)",Salens Naturreservat,108, -,NEJ,2013-08-22,1,Provfiskad ,Mört,21,"1,033","1,029","21,00",natt,1,översiktsnät,1,"62,21163","17,60171",
6900475,635298,Västernorrlands/Gävleborgs län,Svensk kust inom ICES Subdivision 30,Salens naturreservat,"Nordiska kustöversiktsnät (30,15,38,10,48,12,24,60,19 mm)",Salens Naturreservat,108, -,NEJ,2013-08-22,1,Provfiskad ,Ruda,5,"6,243","5,113","5,00",natt,1,översiktsnät,1,"62,21163","17,60171",
6900449,635514,Västernorrlands/Gävleborgs län,Svensk kust inom ICES Subdivision 30,Salens naturreservat,"Nordiska kustöversiktsnät (30,15,38,10,48,12,24,60,19 mm)",Salens Naturreservat,109, -,NEJ,2013-08-22,1,Provfiskad ,Abborre,83,"8,235","8,149","83,00",natt,1,översiktsnät,1,"62,21132","17,60584",
6900449,635514,Västernorrlands/Gävleborgs län,Svensk kust inom ICES Subdivision 30,Salens naturreservat,"Nordiska kustöversiktsnät (30,15,38,10,48,12,24,60,19 mm)",Salens Naturreservat,109, -,NEJ,2013-08-22,1,Provfiskad ,Löja,2,"0,029","0,029","2,00",natt,1,översiktsnät,1,"62,21132","17,60584",
6900449,635514,Västernorrlands/Gävleborgs län,Svensk kust inom ICES Subdivision 30,Salens naturreservat,"Nordiska kustöversiktsnät (30,15,38,10,48,12,24,60,19 mm)",Salens Naturreservat,109, -,NEJ,2013-08-22,1,Provfiskad ,Mört,14,"1,178","1,184","14,00",natt,1,översiktsnät,1,"62,21132","17,60584",
6900687,635541,Västernorrlands/Gävleborgs län,Svensk kust inom ICES Subdivision 30,Salens naturreservat,"Nordiska kustöversiktsnät (30,15,38,10,48,12,24,60,19 mm)",Salens Naturreservat,110, -,NEJ,2013-08-22,1,Provfiskad ,Abborre,68,"5,039","5,070","68,00",natt,1,översiktsnät,1,"62,21345","17,60654",
6900687,635541,Västernorrlands/Gävleborgs län,Svensk kust inom ICES Subdivision 30,Salens naturreservat,"Nordiska kustöversiktsnät (30,15,38,10,48,12,24,60,19 mm)",Salens Naturreservat,110, -,NEJ,2013-08-22,1,Provfiskad ,Id,2,"3,134","3,178","2,00",natt,1,översiktsnät,1,"62,21345","17,60654",
6900687,635541,Västernorrlands/Gävleborgs län,Svensk kust inom ICES Subdivision 30,Salens naturreservat,"Nordiska kustöversiktsnät (30,15,38,10,48,12,24,60,19 mm)",Salens Naturreservat,110, -,NEJ,2013-08-22,1,Provfiskad ,Löja,28,"0,311","0,345","28,00",natt,1,översiktsnät,1,"62,21345","17,60654",
6900687,635541,Västernorrlands/Gävleborgs län,Svensk kust inom ICES Subdivision 30,Salens naturreservat,"Nordiska kustöversiktsnät (30,15,38,10,48,12,24,60,19 mm)",Salens Naturreservat,110, -,NEJ,2013-08-22,1,Provfiskad ,Mört,36,"3,114","3,020","36,00",natt,1,översiktsnät,1,"62,21345","17,60654",
7075521,790166,Västerbottens län,Holmön,Kustöversiktsnät augusti,Kustöversiktsnät  (17 22 25 33 50 mm) - djupnät,Västra Halörsskaten,3, -,NEJ,2013-08-08,2,Provfiskad ,Abborre,277,"22,106","24,289","138,50",natt,1,översiktsnät,2,"63,68733","20,87317",
7075521,790166,Västerbottens län,Holmön,Kustöversiktsnät augusti,Kustöversiktsnät  (17 22 25 33 50 mm) - djupnät,Västra Halörsskaten,3, -,NEJ,2013-08-08,2,Provfiskad ,Gärs,3,"0,072","0,065","1,50",natt,1,översiktsnät,2,"63,68733","20,87317",
7075521,790166,Västerbottens län,Holmön,Kustöversiktsnät augusti,Kustöversiktsnät  (17 22 25 33 50 mm) - djupnät,Västra Halörsskaten,3, -,NEJ,2013-08-08,2,Provfiskad ,Mört,349,"15,377","15,026","174,50",natt,1,översiktsnät,2,"63,68733","20,87317",
7075521,790166,Västerbottens län,Holmön,Kustöversiktsnät augusti,Kustöversiktsnät  (17 22 25 33 50 mm) - djupnät,Västra Halörsskaten,3, -,NEJ,2013-08-09,2,Provfiskad ,Abborre,208,"16,002","18,043","104,00",natt,1,översiktsnät,2,"63,68733","20,87317",
7075521,790166,Västerbottens län,Holmön,Kustöversiktsnät augusti,Kustöversiktsnät  (17 22 25 33 50 mm) - djupnät,Västra Halörsskaten,3, -,NEJ,2013-08-09,2,Provfiskad ,Gärs,1,"0,046","0,056","0,50",natt,1,översiktsnät,2,"63,68733","20,87317",
7075521,790166,Västerbottens län,Holmön,Kustöversiktsnät augusti,Kustöversiktsnät  (17 22 25 33 50 mm) - djupnät,Västra Halörsskaten,3, -,NEJ,2013-08-09,2,Provfiskad ,Mört,217,"9,861","9,734","108,50",natt,1,översiktsnät,2,"63,68733","20,87317",
7075521,790166,Västerbottens län,Holmön,Kustöversiktsnät augusti,Kustöversiktsnät  (17 22 25 33 50 mm) - djupnät,Västra Halörsskaten,3, -,NEJ,2013-08-10,2,Provfiskad ,Abborre,129,"13,200","10,591","64,50",natt,1,översiktsnät,2,"63,68733","20,87317",
7075521,790166,Västerbottens län,Holmön,Kustöversiktsnät augusti,Kustöversiktsnät  (17 22 25 33 50 mm) - djupnät,Västra Halörsskaten,3, -,NEJ,2013-08-10,2,Provfiskad ,Gärs,2,"0,090","0,053","1,00",natt,1,översiktsnät,2,"63,68733","20,87317",
7075521,790166,Västerbottens län,Holmön,Kustöversiktsnät augusti,Kustöversiktsnät  (17 22 25 33 50 mm) - djupnät,Västra Halörsskaten,3, -,NEJ,2013-08-10,2,Provfiskad ,Mört,237,"11,959","11,605","118,50",natt,1,översiktsnät,2,"63,68733","20,87317",
7075521,790166,Västerbottens län,Holmön,Kustöversiktsnät augusti,Kustöversiktsnät  (17 22 25 33 50 mm) - djupnät,Västra Halörsskaten,3, -,NEJ,2014-08-06,2,Provfiskad ,Abborre,104,"8,121","8,709","52,00",natt,1,översiktsnät,2,"63,68733","20,87317",
7075521,790166,Västerbottens län,Holmön,Kustöversiktsnät augusti,Kustöversiktsnät  (17 22 25 33 50 mm) - djupnät,Västra Halörsskaten,3, -,NEJ,2014-08-06,2,Provfiskad ,Gärs,2,"0,053","0,053","1,00",natt,1,översiktsnät,2,"63,68733","20,87317",
7075521,790166,Västerbottens län,Holmön,Kustöversiktsnät augusti,Kustöversiktsnät  (17 22 25 33 50 mm) - djupnät,Västra Halörsskaten,3, -,NEJ,2014-08-06,2,Provfiskad ,Mört,146,"8,990","9,105","73,00",natt,1,översiktsnät,2,"63,68733","20,87317",
7075521,790166,Västerbottens län,Holmön,Kustöversiktsnät augusti,Kustöversiktsnät  (17 22 25 33 50 mm) - djupnät,Västra Halörsskaten,3, -,NEJ,2014-08-07,2,Provfiskad ,Abborre,54,"3,975","3,909","27,00",natt,1,översiktsnät,2,"63,68733","20,87317",
7075521,790166,Västerbottens län,Holmön,Kustöversiktsnät augusti,Kustöversiktsnät  (17 22 25 33 50 mm) - djupnät,Västra Halörsskaten,3, -,NEJ,2014-08-07,2,Provfiskad ,Mört,372,"26,246","25,296","186,00",natt,1,översiktsnät,2,"63,68733","20,87317",
7075521,790166,Västerbottens län,Holmön,Kustöversiktsnät augusti,Kustöversiktsnät  (17 22 25 33 50 mm) - djupnät,Västra Halörsskaten,3, -,NEJ,2014-08-08,2,Provfiskad ,Abborre,121,"6,582","6,989","60,50",natt,1,översiktsnät,2,"63,68733","20,87317",
7075521,790166,Västerbottens län,Holmön,Kustöversiktsnät augusti,Kustöversiktsnät  (17 22 25 33 50 mm) - djupnät,Västra Halörsskaten,3, -,NEJ,2014-08-08,2,Provfiskad ,Gärs,1,"0,051","0,056","0,50",natt,1,översiktsnät,2,"63,68733","20,87317",
7075521,790166,Västerbottens län,Holmön,Kustöversiktsnät augusti,Kustöversiktsnät  (17 22 25 33 50 mm) - djupnät,Västra Halörsskaten,3, -,NEJ,2014-08-08,2,Provfiskad ,Löja,1,"0,028","0,027","0,50",natt,1,översiktsnät,2,"63,68733","20,87317",
7075521,790166,Västerbottens län,Holmön,Kustöversiktsnät augusti,Kustöversiktsnät  (17 22 25 33 50 mm) - djupnät,Västra Halörsskaten,3, -,NEJ,2014-08-08,2,Provfiskad ,Mört,384,"23,067","23,245","192,00",natt,1,översiktsnät,2,"63,68733","20,87317",
7075206,790195,Västerbottens län,Holmön,Kustöversiktsnät augusti,Kustöversiktsnät  (17 22 25 33 50 mm) - djupnät,Västra Halörsskaten,9, -,NEJ,2013-08-08,2,Provfiskad ,Abborre,406,"36,909","38,925","203,00",natt,1,översiktsnät,2,"63,68450","20,87317",
7075206,790195,Västerbottens län,Holmön,Kustöversiktsnät augusti,Kustöversiktsnät  (17 22 25 33 50 mm) - djupnät,Västra Halörsskaten,9, -,NEJ,2013-08-08,2,Provfiskad ,Mört,241,"10,623","10,392","120,50",natt,1,översiktsnät,2,"63,68450","20,87317",
7075206,790195,Västerbottens län,Holmön,Kustöversiktsnät augusti,Kustöversiktsnät  (17 22 25 33 50 mm) - djupnät,Västra Halörsskaten,9, -,NEJ,2013-08-09,2,Provfiskad ,Abborre,194,"17,295","18,980","97,00",natt,1,översiktsnät,2,"63,68450","20,87317",
7075206,790195,Västerbottens län,Holmön,Kustöversiktsnät augusti,Kustöversiktsnät  (17 22 25 33 50 mm) - djupnät,Västra Halörsskaten,9, -,NEJ,2013-08-09,2,Provfiskad ,Gärs,1,"0,034","0,037","0,50",natt,1,översiktsnät,2,"63,68450","20,87317",
7075206,790195,Västerbottens län,Holmön,Kustöversiktsnät augusti,Kustöversiktsnät  (17 22 25 33 50 mm) - djupnät,Västra Halörsskaten,9, -,NEJ,2013-08-09,2,Provfiskad ,Mört,216,"11,072","10,681","108,00",natt,1,översiktsnät,2,"63,68450","20,87317",
7075206,790195,Västerbottens län,Holmön,Kustöversiktsnät augusti,Kustöversiktsnät  (17 22 25 33 50 mm) - djupnät,Västra Halörsskaten,9, -,NEJ,2013-08-10,2,Provfiskad ,Abborre,173,"15,577","16,664","86,50",natt,1,översiktsnät,2,"63,68450","20,87317",
7075206,790195,Västerbottens län,Holmön,Kustöversiktsnät augusti,Kustöversiktsnät  (17 22 25 33 50 mm) - djupnät,Västra Halörsskaten,9, -,NEJ,2013-08-10,2,Provfiskad ,Gärs,2,"0,087","0,091","1,00",natt,1,översiktsnät,2,"63,68450","20,87317",
7075206,790195,Västerbottens län,Holmön,Kustöversiktsnät augusti,Kustöversiktsnät  (17 22 25 33 50 mm) - djupnät,Västra Halörsskaten,9, -,NEJ,2013-08-10,2,Provfiskad ,Mört,188,"10,404","10,462","94,00",natt,1,översiktsnät,2,"63,68450","20,87317",
7075206,790195,Västerbottens län,Holmön,Kustöversiktsnät augusti,Kustöversiktsnät  (17 22 25 33 50 mm) - djupnät,Västra Halörsskaten,9, -,NEJ,2014-08-06,2,Provfiskad ,Abborre,112,"6,517","6,735","56,00",natt,1,översiktsnät,2,"63,68450","20,87317",
7075206,790195,Västerbottens län,Holmön,Kustöversiktsnät augusti,Kustöversiktsnät  (17 22 25 33 50 mm) - djupnät,Västra Halörsskaten,9, -,NEJ,2014-08-06,2,Provfiskad ,Gärs,5,"0,121","0,137","2,50",natt,1,översiktsnät,2,"63,68450","20,87317",
7075206,790195,Västerbottens län,Holmön,Kustöversiktsnät augusti,Kustöversiktsnät  (17 22 25 33 50 mm) - djupnät,Västra Halörsskaten,9, -,NEJ,2014-08-06,2,Provfiskad ,Mört,223,"13,750","13,719","111,50",natt,1,översiktsnät,2,"63,68450","20,87317",
7075206,790195,Västerbottens län,Holmön,Kustöversiktsnät augusti,Kustöversiktsnät  (17 22 25 33 50 mm) - djupnät,Västra Halörsskaten,9, -,NEJ,2014-08-07,2,Provfiskad ,Abborre,54,"5,366","5,962","27,00",natt,1,översiktsnät,2,"63,68450","20,87317",
7075206,790195,Västerbottens län,Holmön,Kustöversiktsnät augusti,Kustöversiktsnät  (17 22 25 33 50 mm) - djupnät,Västra Halörsskaten,9, -,NEJ,2014-08-07,2,Provfiskad ,Gärs,1,"0,025","0,030","0,50",natt,1,översiktsnät,2,"63,68450","20,87317",
7075206,790195,Västerbottens län,Holmön,Kustöversiktsnät augusti,Kustöversiktsnät  (17 22 25 33 50 mm) - djupnät,Västra Halörsskaten,9, -,NEJ,2014-08-07,2,Provfiskad ,Löja,1,"0,027","0,022","0,50",natt,1,översiktsnät,2,"63,68450","20,87317",
7075206,790195,Västerbottens län,Holmön,Kustöversiktsnät augusti,Kustöversiktsnät  (17 22 25 33 50 mm) - djupnät,Västra Halörsskaten,9, -,NEJ,2014-08-07,2,Provfiskad ,Mört,210,"12,021","12,421","105,00",natt,1,översiktsnät,2,"63,68450","20,87317",
7075206,790195,Västerbottens län,Holmön,Kustöversiktsnät augusti,Kustöversiktsnät  (17 22 25 33 50 mm) - djupnät,Västra Halörsskaten,9, -,NEJ,2014-08-08,2,Provfiskad ,Abborre,56,"2,725","2,777","28,00",natt,1,översiktsnät,2,"63,68450","20,87317",
7075206,790195,Västerbottens län,Holmön,Kustöversiktsnät augusti,Kustöversiktsnät  (17 22 25 33 50 mm) - djupnät,Västra Halörsskaten,9, -,NEJ,2014-08-08,2,Provfiskad ,Gärs,3,"0,075","0,071","1,50",natt,1,översiktsnät,2,"63,68450","20,87317",
7075206,790195,Västerbottens län,Holmön,Kustöversiktsnät augusti,Kustöversiktsnät  (17 22 25 33 50 mm) - djupnät,Västra Halörsskaten,9, -,NEJ,2014-08-08,2,Provfiskad ,Löja,1,"0,034","0,033","0,50",natt,1,översiktsnät,2,"63,68450","20,87317",
7075206,790195,Västerbottens län,Holmön,Kustöversiktsnät augusti,Kustöversiktsnät  (17 22 25 33 50 mm) - djupnät,Västra Halörsskaten,9, -,NEJ,2014-08-08,2,Provfiskad ,Mört,173,"13,365","12,623","86,50",natt,1,översiktsnät,2,"63,68450","20,87317",
7075083,790074,Västerbottens län,Holmön,Kustöversiktsnät augusti,Kustöversiktsnät  (17 22 25 33 50 mm) - djupnät,Västra Halörsskaten,10, -,NEJ,2013-08-08,2,Provfiskad ,Abborre,247,"23,890","26,315","123,50",natt,1,översiktsnät,2,"63,68350","20,87050",
7075083,790074,Västerbottens län,Holmön,Kustöversiktsnät augusti,Kustöversiktsnät  (17 22 25 33 50 mm) - djupnät,Västra Halörsskaten,10, -,NEJ,2013-08-08,2,Provfiskad ,Björkna,1,"0,045","0,047","0,50",natt,1,översiktsnät,2,"63,68350","20,87050",
7075083,790074,Västerbottens län,Holmön,Kustöversiktsnät augusti,Kustöversiktsnät  (17 22 25 33 50 mm) - djupnät,Västra Halörsskaten,10, -,NEJ,2013-08-08,2,Provfiskad ,Gärs,1,"0,023","0,023","0,50",natt,1,översiktsnät,2,"63,68350","20,87050",
7075083,790074,Västerbottens län,Holmön,Kustöversiktsnät augusti,Kustöversiktsnät  (17 22 25 33 50 mm) - djupnät,Västra Halörsskaten,10, -,NEJ,2013-08-08,2,Provfiskad ,Mört,153,"6,330","6,197","76,50",natt,1,översiktsnät,2,"63,68350","20,87050",
7075083,790074,Västerbottens län,Holmön,Kustöversiktsnät augusti,Kustöversiktsnät  (17 22 25 33 50 mm) - djupnät,Västra Halörsskaten,10, -,NEJ,2013-08-09,2,Provfiskad ,Abborre,222,"22,409","24,538","111,00",natt,1,översiktsnät,2,"63,68350","20,87050",
7075083,790074,Västerbottens län,Holmön,Kustöversiktsnät augusti,Kustöversiktsnät  (17 22 25 33 50 mm) - djupnät,Västra Halörsskaten,10, -,NEJ,2013-08-09,2,Provfiskad ,Gädda,1,"0,277","0,273","0,50",natt,1,översiktsnät,2,"63,68350","20,87050",
7075083,790074,Västerbottens län,Holmön,Kustöversiktsnät augusti,Kustöversiktsnät  (17 22 25 33 50 mm) - djupnät,Västra Halörsskaten,10, -,NEJ,2013-08-09,2,Provfiskad ,Gärs,2,"0,049","0,060","1,00",natt,1,översiktsnät,2,"63,68350","20,87050",
7075083,790074,Västerbottens län,Holmön,Kustöversiktsnät augusti,Kustöversiktsnät  (17 22 25 33 50 mm) - djupnät,Västra Halörsskaten,10, -,NEJ,2013-08-09,2,Provfiskad ,Löja,1,"0,023","0,022","0,50",natt,1,översiktsnät,2,"63,68350","20,87050",
7075083,790074,Västerbottens län,Holmön,Kustöversiktsnät augusti,Kustöversiktsnät  (17 22 25 33 50 mm) - djupnät,Västra Halörsskaten,10, -,NEJ,2013-08-09,2,Provfiskad ,Mört,100,"4,963","4,788","50,00",natt,1,översiktsnät,2,"63,68350","20,87050",
7075083,790074,Västerbottens län,Holmön,Kustöversiktsnät augusti,Kustöversiktsnät  (17 22 25 33 50 mm) - djupnät,Västra Halörsskaten,10, -,NEJ,2013-08-10,2,Provfiskad ,Abborre,134,"12,488","13,807","67,00",natt,1,översiktsnät,2,"63,68350","20,87050",
7075083,790074,Västerbottens län,Holmön,Kustöversiktsnät augusti,Kustöversiktsnät  (17 22 25 33 50 mm) - djupnät,Västra Halörsskaten,10, -,NEJ,2013-08-10,2,Provfiskad ,Löja,8,"0,236","0,192","4,00",natt,1,översiktsnät,2,"63,68350","20,87050",
7075083,790074,Västerbottens län,Holmön,Kustöversiktsnät augusti,Kustöversiktsnät  (17 22 25 33 50 mm) - djupnät,Västra Halörsskaten,10, -,NEJ,2013-08-10,2,Provfiskad ,Mört,251,"11,043","10,804","125,50",natt,1,översiktsnät,2,"63,68350","20,87050",
7075083,790074,Västerbottens län,Holmön,Kustöversiktsnät augusti,Kustöversiktsnät  (17 22 25 33 50 mm) - djupnät,Västra Halörsskaten,10, -,NEJ,2014-08-06,2,Provfiskad ,Abborre,96,"8,276","9,101","48,00",natt,1,översiktsnät,2,"63,68350","20,87050",
7075083,790074,Västerbottens län,Holmön,Kustöversiktsnät augusti,Kustöversiktsnät  (17 22 25 33 50 mm) - djupnät,Västra Halörsskaten,10, -,NEJ,2014-08-06,2,Provfiskad ,Gärs,1,"0,022","0,014","0,50",natt,1,översiktsnät,2,"63,68350","20,87050",
7075083,790074,Västerbottens län,Holmön,Kustöversiktsnät augusti,Kustöversiktsnät  (17 22 25 33 50 mm) - djupnät,Västra Halörsskaten,10, -,NEJ,2014-08-06,2,Provfiskad ,Mört,447,"24,217","24,207","223,50",natt,1,översiktsnät,2,"63,68350","20,87050",
7075083,790074,Västerbottens län,Holmön,Kustöversiktsnät augusti,Kustöversiktsnät  (17 22 25 33 50 mm) - djupnät,Västra Halörsskaten,10, -,NEJ,2014-08-07,2,Provfiskad ,Abborre,181,"12,194","13,363","90,50",natt,1,översiktsnät,2,"63,68350","20,87050",
7075083,790074,Västerbottens län,Holmön,Kustöversiktsnät augusti,Kustöversiktsnät  (17 22 25 33 50 mm) - djupnät,Västra Halörsskaten,10, -,NEJ,2014-08-07,2,Provfiskad ,Gärs,2,"0,026","0,032","1,00",natt,1,översiktsnät,2,"63,68350","20,87050",
7075083,790074,Västerbottens län,Holmön,Kustöversiktsnät augusti,Kustöversiktsnät  (17 22 25 33 50 mm) - djupnät,Västra Halörsskaten,10, -,NEJ,2014-08-07,2,Provfiskad ,Löja,28,"0,818","0,846","14,00",natt,1,översiktsnät,2,"63,68350","20,87050",
7075083,790074,Västerbottens län,Holmön,Kustöversiktsnät augusti,Kustöversiktsnät  (17 22 25 33 50 mm) - djupnät,Västra Halörsskaten,10, -,NEJ,2014-08-07,2,Provfiskad ,Mört,187,"16,955","16,043","93,50",natt,1,översiktsnät,2,"63,68350","20,87050",
7075083,790074,Västerbottens län,Holmön,Kustöversiktsnät augusti,Kustöversiktsnät  (17 22 25 33 50 mm) - djupnät,Västra Halörsskaten,10, -,NEJ,2014-08-08,2,Provfiskad ,Abborre,80,"4,620","4,536","40,00",natt,1,översiktsnät,2,"63,68350","20,87050",
7075083,790074,Västerbottens län,Holmön,Kustöversiktsnät augusti,Kustöversiktsnät  (17 22 25 33 50 mm) - djupnät,Västra Halörsskaten,10, -,NEJ,2014-08-08,2,Provfiskad ,Gärs,1,"0,023","0,023","0,50",natt,1,översiktsnät,2,"63,68350","20,87050",
7075083,790074,Västerbottens län,Holmön,Kustöversiktsnät augusti,Kustöversiktsnät  (17 22 25 33 50 mm) - djupnät,Västra Halörsskaten,10, -,NEJ,2014-08-08,2,Provfiskad ,Löja,18,"0,476","0,457","9,00",natt,1,översiktsnät,2,"63,68350","20,87050",
7075083,790074,Västerbottens län,Holmön,Kustöversiktsnät augusti,Kustöversiktsnät  (17 22 25 33 50 mm) - djupnät,Västra Halörsskaten,10, -,NEJ,2014-08-08,2,Provfiskad ,Mört,244,"19,860","19,605","122,00",natt,1,översiktsnät,2,"63,68350","20,87050",
7075044,790260,Västerbottens län,Holmön,Kustöversiktsnät augusti,Kustöversiktsnät  (17 22 25 33 50 mm) - djupnät,Västra Halörsskaten,11, -,NEJ,2013-08-08,2,Provfiskad ,Abborre,108,"11,436","12,228","54,00",natt,1,översiktsnät,2,"63,68300","20,87417",
7075044,790260,Västerbottens län,Holmön,Kustöversiktsnät augusti,Kustöversiktsnät  (17 22 25 33 50 mm) - djupnät,Västra Halörsskaten,11, -,NEJ,2013-08-08,2,Provfiskad ,Gärs,3,"0,069","0,083","1,50",natt,1,översiktsnät,2,"63,68300","20,87417",
7075044,790260,Västerbottens län,Holmön,Kustöversiktsnät augusti,Kustöversiktsnät  (17 22 25 33 50 mm) - djupnät,Västra Halörsskaten,11, -,NEJ,2013-08-08,2,Provfiskad ,Mört,115,"5,771","5,936","57,50",natt,1,översiktsnät,2,"63,68300","20,87417",
7075044,790260,Västerbottens län,Holmön,Kustöversiktsnät augusti,Kustöversiktsnät  (17 22 25 33 50 mm) - djupnät,Västra Halörsskaten,11, -,NEJ,2013-08-09,2,Provfiskad ,Abborre,61,"5,053","5,643","30,50",natt,1,översiktsnät,2,"63,68300","20,87417",
7075044,790260,Västerbottens län,Holmön,Kustöversiktsnät augusti,Kustöversiktsnät  (17 22 25 33 50 mm) - djupnät,Västra Halörsskaten,11, -,NEJ,2013-08-09,2,Provfiskad ,Gärs,5,"0,141","0,157","2,50",natt,1,översiktsnät,2,"63,68300","20,87417",
7075044,790260,Västerbottens län,Holmön,Kustöversiktsnät augusti,Kustöversiktsnät  (17 22 25 33 50 mm) - djupnät,Västra Halörsskaten,11, -,NEJ,2013-08-09,2,Provfiskad ,Löja,1,"0,026","0,022","0,50",natt,1,översiktsnät,2,"63,68300","20,87417",
7075044,790260,Västerbottens län,Holmön,Kustöversiktsnät augusti,Kustöversiktsnät  (17 22 25 33 50 mm) - djupnät,Västra Halörsskaten,11, -,NEJ,2013-08-09,2,Provfiskad ,Mört,84,"3,309","3,243","42,00",natt,1,översiktsnät,2,"63,68300","20,87417",
7075044,790260,Västerbottens län,Holmön,Kustöversiktsnät augusti,Kustöversiktsnät  (17 22 25 33 50 mm) - djupnät,Västra Halörsskaten,11, -,NEJ,2013-08-10,2,Provfiskad ,Abborre,150,"11,266","12,277","75,00",natt,1,översiktsnät,2,"63,68300","20,87417",
7075044,790260,Västerbottens län,Holmön,Kustöversiktsnät augusti,Kustöversiktsnät  (17 22 25 33 50 mm) - djupnät,Västra Halörsskaten,11, -,NEJ,2013-08-10,2,Provfiskad ,Gärs,2,"0,043","0,042","1,00",natt,1,översiktsnät,2,"63,68300","20,87417",
7075044,790260,Västerbottens län,Holmön,Kustöversiktsnät augusti,Kustöversiktsnät  (17 22 25 33 50 mm) - djupnät,Västra Halörsskaten,11, -,NEJ,2013-08-10,2,Provfiskad ,Löja,1,"0,010","0,011","0,50",natt,1,översiktsnät,2,"63,68300","20,87417",
7075044,790260,Västerbottens län,Holmön,Kustöversiktsnät augusti,Kustöversiktsnät  (17 22 25 33 50 mm) - djupnät,Västra Halörsskaten,11, -,NEJ,2013-08-10,2,Provfiskad ,Mört,101,"5,756","5,577","50,50",natt,1,översiktsnät,2,"63,68300","20,87417",
7075044,790260,Västerbottens län,Holmön,Kustöversiktsnät augusti,Kustöversiktsnät  (17 22 25 33 50 mm) - djupnät,Västra Halörsskaten,11, -,NEJ,2014-08-06,2,Provfiskad ,Abborre,83,"5,924","6,552","41,50",natt,1,översiktsnät,2,"63,68300","20,87417",
7075044,790260,Västerbottens län,Holmön,Kustöversiktsnät augusti,Kustöversiktsnät  (17 22 25 33 50 mm) - djupnät,Västra Halörsskaten,11, -,NEJ,2014-08-06,2,Provfiskad ,Gärs,3,"0,078","0,083","1,50",natt,1,översiktsnät,2,"63,68300","20,87417",
7075044,790260,Västerbottens län,Holmön,Kustöversiktsnät augusti,Kustöversiktsnät  (17 22 25 33 50 mm) - djupnät,Västra Halörsskaten,11, -,NEJ,2014-08-06,2,Provfiskad ,Löja,1,"0,027","0,027","0,50",natt,1,översiktsnät,2,"63,68300","20,87417",
7075044,790260,Västerbottens län,Holmön,Kustöversiktsnät augusti,Kustöversiktsnät  (17 22 25 33 50 mm) - djupnät,Västra Halörsskaten,11, -,NEJ,2014-08-06,2,Provfiskad ,Mört,169,"13,214","13,103","84,50",natt,1,översiktsnät,2,"63,68300","20,87417",
7075044,790260,Västerbottens län,Holmön,Kustöversiktsnät augusti,Kustöversiktsnät  (17 22 25 33 50 mm) - djupnät,Västra Halörsskaten,11, -,NEJ,2014-08-07,2,Provfiskad ,Abborre,66,"5,580","5,727","33,00",natt,1,översiktsnät,2,"63,68300","20,87417",
7075044,790260,Västerbottens län,Holmön,Kustöversiktsnät augusti,Kustöversiktsnät  (17 22 25 33 50 mm) - djupnät,Västra Halörsskaten,11, -,NEJ,2014-08-07,2,Provfiskad ,Gärs,4,"0,092","0,107","2,00",natt,1,översiktsnät,2,"63,68300","20,87417",
7075044,790260,Västerbottens län,Holmön,Kustöversiktsnät augusti,Kustöversiktsnät  (17 22 25 33 50 mm) - djupnät,Västra Halörsskaten,11, -,NEJ,2014-08-07,2,Provfiskad ,Mört,42,"2,439","2,313","21,00",natt,1,översiktsnät,2,"63,68300","20,87417",
7075044,790260,Västerbottens län,Holmön,Kustöversiktsnät augusti,Kustöversiktsnät  (17 22 25 33 50 mm) - djupnät,Västra Halörsskaten,11, -,NEJ,2014-08-08,2,Provfiskad ,Abborre,21,"1,889","2,213","10,50",natt,1,översiktsnät,2,"63,68300","20,87417",
7075044,790260,Västerbottens län,Holmön,Kustöversiktsnät augusti,Kustöversiktsnät  (17 22 25 33 50 mm) - djupnät,Västra Halörsskaten,11, -,NEJ,2014-08-08,2,Provfiskad ,Mört,89,"7,143","5,959","44,50",natt,1,översiktsnät,2,"63,68300","20,87417",
7074930,790237,Västerbottens län,Holmön,Kustöversiktsnät augusti,Kustöversiktsnät  (17 22 25 33 50 mm) - djupnät,Västra Halörsskaten,12, -,NEJ,2013-08-08,2,Provfiskad ,Abborre,130,"13,204","13,801","65,00",natt,1,översiktsnät,2,"63,68200","20,87350",
7074930,790237,Västerbottens län,Holmön,Kustöversiktsnät augusti,Kustöversiktsnät  (17 22 25 33 50 mm) - djupnät,Västra Halörsskaten,12, -,NEJ,2013-08-08,2,Provfiskad ,Löja,1,"0,013","0,018","0,50",natt,1,översiktsnät,2,"63,68200","20,87350",
7074930,790237,Västerbottens län,Holmön,Kustöversiktsnät augusti,Kustöversiktsnät  (17 22 25 33 50 mm) - djupnät,Västra Halörsskaten,12, -,NEJ,2013-08-08,2,Provfiskad ,Mört,95,"3,658","3,557","47,50",natt,1,översiktsnät,2,"63,68200","20,87350",
7074930,790237,Västerbottens län,Holmön,Kustöversiktsnät augusti,Kustöversiktsnät  (17 22 25 33 50 mm) - djupnät,Västra Halörsskaten,12, -,NEJ,2013-08-09,2,Provfiskad ,Abborre,73,"7,576","8,373","36,50",natt,1,översiktsnät,2,"63,68200","20,87350",
7074930,790237,Västerbottens län,Holmön,Kustöversiktsnät augusti,Kustöversiktsnät  (17 22 25 33 50 mm) - djupnät,Västra Halörsskaten,12, -,NEJ,2013-08-09,2,Provfiskad ,Gärs,1,"0,024","0,023","0,50",natt,1,översiktsnät,2,"63,68200","20,87350",
7074930,790237,Västerbottens län,Holmön,Kustöversiktsnät augusti,Kustöversiktsnät  (17 22 25 33 50 mm) - djupnät,Västra Halörsskaten,12, -,NEJ,2013-08-09,2,Provfiskad ,Mört,54,"2,045","1,986","27,00",natt,1,översiktsnät,2,"63,68200","20,87350",
7074930,790237,Västerbottens län,Holmön,Kustöversiktsnät augusti,Kustöversiktsnät  (17 22 25 33 50 mm) - djupnät,Västra Halörsskaten,12, -,NEJ,2013-08-10,2,Provfiskad ,Abborre,72,"7,088","7,669","36,00",natt,1,översiktsnät,2,"63,68200","20,87350",
7074930,790237,Västerbottens län,Holmön,Kustöversiktsnät augusti,Kustöversiktsnät  (17 22 25 33 50 mm) - djupnät,Västra Halörsskaten,12, -,NEJ,2013-08-10,2,Provfiskad ,Löja,1,"0,026","0,022","0,50",natt,1,översiktsnät,2,"63,68200","20,87350",
7074930,790237,Västerbottens län,Holmön,Kustöversiktsnät augusti,Kustöversiktsnät  (17 22 25 33 50 mm) - djupnät,Västra Halörsskaten,12, -,NEJ,2013-08-10,2,Provfiskad ,Mört,56,"2,393","2,356","28,00",natt,1,översiktsnät,2,"63,68200","20,87350",
7074930,790237,Västerbottens län,Holmön,Kustöversiktsnät augusti,Kustöversiktsnät  (17 22 25 33 50 mm) - djupnät,Västra Halörsskaten,12, -,NEJ,2014-08-06,2,Provfiskad ,Abborre,91,"5,268","6,200","45,50",natt,1,översiktsnät,2,"63,68200","20,87350",
7074930,790237,Västerbottens län,Holmön,Kustöversiktsnät augusti,Kustöversiktsnät  (17 22 25 33 50 mm) - djupnät,Västra Halörsskaten,12, -,NEJ,2014-08-06,2,Provfiskad ,Gädda,1,"2,339","2,492","0,50",natt,1,översiktsnät,2,"63,68200","20,87350",
7074930,790237,Västerbottens län,Holmön,Kustöversiktsnät augusti,Kustöversiktsnät  (17 22 25 33 50 mm) - djupnät,Västra Halörsskaten,12, -,NEJ,2014-08-06,2,Provfiskad ,Gärs,1,"0,023","0,023","0,50",natt,1,översiktsnät,2,"63,68200","20,87350",
7074930,790237,Västerbottens län,Holmön,Kustöversiktsnät augusti,Kustöversiktsnät  (17 22 25 33 50 mm) - djupnät,Västra Halörsskaten,12, -,NEJ,2014-08-06,2,Provfiskad ,Mört,188,"10,658","10,562","94,00",natt,1,översiktsnät,2,"63,68200","20,87350",
7074930,790237,Västerbottens län,Holmön,Kustöversiktsnät augusti,Kustöversiktsnät  (17 22 25 33 50 mm) - djupnät,Västra Halörsskaten,12, -,NEJ,2014-08-06,2,Provfiskad ,Storspigg,1,"0,003","0,004","0,50",natt,1,översiktsnät,2,"63,68200","20,87350",
7074930,790237,Västerbottens län,Holmön,Kustöversiktsnät augusti,Kustöversiktsnät  (17 22 25 33 50 mm) - djupnät,Västra Halörsskaten,12, -,NEJ,2014-08-07,2,Provfiskad ,Abborre,64,"5,460","5,579","32,00",natt,1,översiktsnät,2,"63,68200","20,87350",
7074930,790237,Västerbottens län,Holmön,Kustöversiktsnät augusti,Kustöversiktsnät  (17 22 25 33 50 mm) - djupnät,Västra Halörsskaten,12, -,NEJ,2014-08-07,2,Provfiskad ,Löja,1,"0,030","0,027","0,50",natt,1,översiktsnät,2,"63,68200","20,87350",
7074930,790237,Västerbottens län,Holmön,Kustöversiktsnät augusti,Kustöversiktsnät  (17 22 25 33 50 mm) - djupnät,Västra Halörsskaten,12, -,NEJ,2014-08-07,2,Provfiskad ,Mört,29,"2,351","2,116","14,50",natt,1,översiktsnät,2,"63,68200","20,87350",
7074930,790237,Västerbottens län,Holmön,Kustöversiktsnät augusti,Kustöversiktsnät  (17 22 25 33 50 mm) - djupnät,Västra Halörsskaten,12, -,NEJ,2014-08-08,2,Provfiskad ,Abborre,33,"2,404","2,411","16,50",natt,1,översiktsnät,2,"63,68200","20,87350",
7074930,790237,Västerbottens län,Holmön,Kustöversiktsnät augusti,Kustöversiktsnät  (17 22 25 33 50 mm) - djupnät,Västra Halörsskaten,12, -,NEJ,2014-08-08,2,Provfiskad ,Gärs,5,"0,127","0,130","2,50",natt,1,översiktsnät,2,"63,68200","20,87350",
7074930,790237,Västerbottens län,Holmön,Kustöversiktsnät augusti,Kustöversiktsnät  (17 22 25 33 50 mm) - djupnät,Västra Halörsskaten,12, -,NEJ,2014-08-08,2,Provfiskad ,Löja,2,"0,052","0,045","1,00",natt,1,översiktsnät,2,"63,68200","20,87350",
7074930,790237,Västerbottens län,Holmön,Kustöversiktsnät augusti,Kustöversiktsnät  (17 22 25 33 50 mm) - djupnät,Västra Halörsskaten,12, -,NEJ,2014-08-08,2,Provfiskad ,Mört,138,"6,303","6,223","69,00",natt,1,översiktsnät,2,"63,68200","20,87350",
7075543,791415,Västerbottens län,Holmön,Kustöversiktsnät augusti,Kustöversiktsnät  (17 22 25 33 50 mm) - djupnät,Östra Halörsskaten,13, -,NEJ,2013-08-08,2,Provfiskad ,Abborre,197,"15,000","17,024","98,50",natt,1,översiktsnät,2,"63,68650","20,89833",
7075543,791415,Västerbottens län,Holmön,Kustöversiktsnät augusti,Kustöversiktsnät  (17 22 25 33 50 mm) - djupnät,Östra Halörsskaten,13, -,NEJ,2013-08-08,2,Provfiskad ,Gärs,1,"0,024","0,023","0,50",natt,1,översiktsnät,2,"63,68650","20,89833",
7075543,791415,Västerbottens län,Holmön,Kustöversiktsnät augusti,Kustöversiktsnät  (17 22 25 33 50 mm) - djupnät,Östra Halörsskaten,13, -,NEJ,2013-08-08,2,Provfiskad ,Löja,2,"0,046","0,044","1,00",natt,1,översiktsnät,2,"63,68650","20,89833",
7075543,791415,Västerbottens län,Holmön,Kustöversiktsnät augusti,Kustöversiktsnät  (17 22 25 33 50 mm) - djupnät,Östra Halörsskaten,13, -,NEJ,2013-08-08,2,Provfiskad ,Mört,57,"1,763","1,829","28,50",natt,1,översiktsnät,2,"63,68650","20,89833",
7075543,791415,Västerbottens län,Holmön,Kustöversiktsnät augusti,Kustöversiktsnät  (17 22 25 33 50 mm) - djupnät,Östra Halörsskaten,13, -,NEJ,2013-08-08,2,Provfiskad ,Strömming,4,"0,140","0,146","2,00",natt,1,översiktsnät,2,"63,68650","20,89833",
7075543,791415,Västerbottens län,Holmön,Kustöversiktsnät augusti,Kustöversiktsnät  (17 22 25 33 50 mm) - djupnät,Östra Halörsskaten,13, -,NEJ,2013-08-09,2,Provfiskad ,Abborre,166,"14,545","16,527","83,00",natt,1,översiktsnät,2,"63,68650","20,89833",
7075543,791415,Västerbottens län,Holmön,Kustöversiktsnät augusti,Kustöversiktsnät  (17 22 25 33 50 mm) - djupnät,Östra Halörsskaten,13, -,NEJ,2013-08-09,2,Provfiskad ,Löja,6,"0,145","0,142","3,00",natt,1,översiktsnät,2,"63,68650","20,89833",
7075543,791415,Västerbottens län,Holmön,Kustöversiktsnät augusti,Kustöversiktsnät  (17 22 25 33 50 mm) - djupnät,Östra Halörsskaten,13, -,NEJ,2013-08-09,2,Provfiskad ,Mört,30,"1,122","1,142","15,00",natt,1,översiktsnät,2,"63,68650","20,89833",
7075543,791415,Västerbottens län,Holmön,Kustöversiktsnät augusti,Kustöversiktsnät  (17 22 25 33 50 mm) - djupnät,Östra Halörsskaten,13, -,NEJ,2013-08-10,2,Provfiskad ,Abborre,39,"3,355","3,675","19,50",natt,1,översiktsnät,2,"63,68650","20,89833",
7075543,791415,Västerbottens län,Holmön,Kustöversiktsnät augusti,Kustöversiktsnät  (17 22 25 33 50 mm) - djupnät,Östra Halörsskaten,13, -,NEJ,2013-08-10,2,Provfiskad ,Gärs,1,"0,018","0,023","0,50",natt,1,översiktsnät,2,"63,68650","20,89833",
7075543,791415,Västerbottens län,Holmön,Kustöversiktsnät augusti,Kustöversiktsnät  (17 22 25 33 50 mm) - djupnät,Östra Halörsskaten,13, -,NEJ,2013-08-10,2,Provfiskad ,Löja,1,"0,024","0,022","0,50",natt,1,översiktsnät,2,"63,68650","20,89833",
7075543,791415,Västerbottens län,Holmön,Kustöversiktsnät augusti,Kustöversiktsnät  (17 22 25 33 50 mm) - djupnät,Östra Halörsskaten,13, -,NEJ,2013-08-10,2,Provfiskad ,Mört,22,"1,018","1,039","11,00",natt,1,översiktsnät,2,"63,68650","20,89833",
7075543,791415,Västerbottens län,Holmön,Kustöversiktsnät augusti,Kustöversiktsnät  (17 22 25 33 50 mm) - djupnät,Östra Halörsskaten,13, -,NEJ,2013-08-10,2,Provfiskad ,Strömming,5,"0,164","0,170","2,50",natt,1,översiktsnät,2,"63,68650","20,89833",
7075543,791415,Västerbottens län,Holmön,Kustöversiktsnät augusti,Kustöversiktsnät  (17 22 25 33 50 mm) - djupnät,Östra Halörsskaten,13, -,NEJ,2014-08-06,2,Provfiskad ,Abborre,197,"13,102","13,974","98,50",natt,1,översiktsnät,2,"63,68650","20,89833",
7075543,791415,Västerbottens län,Holmön,Kustöversiktsnät augusti,Kustöversiktsnät  (17 22 25 33 50 mm) - djupnät,Östra Halörsskaten,13, -,NEJ,2014-08-06,2,Provfiskad ,Gärs,2,"0,072","0,084","1,00",natt,1,översiktsnät,2,"63,68650","20,89833",
7075543,791415,Västerbottens län,Holmön,Kustöversiktsnät augusti,Kustöversiktsnät  (17 22 25 33 50 mm) - djupnät,Östra Halörsskaten,13, -,NEJ,2014-08-06,2,Provfiskad ,Löja,5,"0,133","0,127","2,50",natt,1,översiktsnät,2,"63,68650","20,89833",
7075543,791415,Västerbottens län,Holmön,Kustöversiktsnät augusti,Kustöversiktsnät  (17 22 25 33 50 mm) - djupnät,Östra Halörsskaten,13, -,NEJ,2014-08-06,2,Provfiskad ,Mört,51,"2,408","2,450","25,50",natt,1,översiktsnät,2,"63,68650","20,89833",
7075543,791415,Västerbottens län,Holmön,Kustöversiktsnät augusti,Kustöversiktsnät  (17 22 25 33 50 mm) - djupnät,Östra Halörsskaten,13, -,NEJ,2014-08-07,2,Provfiskad ,Abborre,71,"5,563","6,219","35,50",natt,1,översiktsnät,2,"63,68650","20,89833",
7075543,791415,Västerbottens län,Holmön,Kustöversiktsnät augusti,Kustöversiktsnät  (17 22 25 33 50 mm) - djupnät,Östra Halörsskaten,13, -,NEJ,2014-08-07,2,Provfiskad ,Gärs,4,"0,085","0,101","2,00",natt,1,översiktsnät,2,"63,68650","20,89833",
7075543,791415,Västerbottens län,Holmön,Kustöversiktsnät augusti,Kustöversiktsnät  (17 22 25 33 50 mm) - djupnät,Östra Halörsskaten,13, -,NEJ,2014-08-07,2,Provfiskad ,Löja,12,"0,348","0,302","6,00",natt,1,översiktsnät,2,"63,68650","20,89833",
7075543,791415,Västerbottens län,Holmön,Kustöversiktsnät augusti,Kustöversiktsnät  (17 22 25 33 50 mm) - djupnät,Östra Halörsskaten,13, -,NEJ,2014-08-07,2,Provfiskad ,Mört,12,"0,576","0,973","6,00",natt,1,översiktsnät,2,"63,68650","20,89833",
7075543,791415,Västerbottens län,Holmön,Kustöversiktsnät augusti,Kustöversiktsnät  (17 22 25 33 50 mm) - djupnät,Östra Halörsskaten,13, -,JA,2014-08-08,2,Provfiskad ,Abborre,35,"1,200","1,223","17,50",natt,1,översiktsnät,2,"63,68650","20,89833",Ingen temp. i protokollet
7075543,791415,Västerbottens län,Holmön,Kustöversiktsnät augusti,Kustöversiktsnät  (17 22 25 33 50 mm) - djupnät,Östra Halörsskaten,13, -,JA,2014-08-08,2,Provfiskad ,Löja,1,"0,024","0,022","0,50",natt,1,översiktsnät,2,"63,68650","20,89833",Ingen temp. i protokollet
7075301,791429,Västerbottens län,Holmön,Kustöversiktsnät augusti,Kustöversiktsnät  (17 22 25 33 50 mm) - djupnät,Östra Halörsskaten,14, -,NEJ,2013-08-08,2,Provfiskad ,Abborre,89,"7,673","8,630","44,50",natt,1,översiktsnät,2,"63,68433","20,89817",
7075301,791429,Västerbottens län,Holmön,Kustöversiktsnät augusti,Kustöversiktsnät  (17 22 25 33 50 mm) - djupnät,Östra Halörsskaten,14, -,NEJ,2013-08-08,2,Provfiskad ,Gärs,2,"0,068","0,067","1,00",natt,1,översiktsnät,2,"63,68433","20,89817",
7075301,791429,Västerbottens län,Holmön,Kustöversiktsnät augusti,Kustöversiktsnät  (17 22 25 33 50 mm) - djupnät,Östra Halörsskaten,14, -,NEJ,2013-08-08,2,Provfiskad ,Löja,5,"0,129","0,125","2,50",natt,1,översiktsnät,2,"63,68433","20,89817",
7075301,791429,Västerbottens län,Holmön,Kustöversiktsnät augusti,Kustöversiktsnät  (17 22 25 33 50 mm) - djupnät,Östra Halörsskaten,14, -,NEJ,2013-08-08,2,Provfiskad ,Mört,24,"0,964","0,967","12,00",natt,1,översiktsnät,2,"63,68433","20,89817",
7075301,791429,Västerbottens län,Holmön,Kustöversiktsnät augusti,Kustöversiktsnät  (17 22 25 33 50 mm) - djupnät,Östra Halörsskaten,14, -,NEJ,2013-08-08,2,Provfiskad ,Sik,1,"0,827","0,811","0,50",natt,1,översiktsnät,2,"63,68433","20,89817",
7075301,791429,Västerbottens län,Holmön,Kustöversiktsnät augusti,Kustöversiktsnät  (17 22 25 33 50 mm) - djupnät,Östra Halörsskaten,14, -,NEJ,2013-08-08,2,Provfiskad ,Strömming,11,"0,370","0,363","5,50",natt,1,översiktsnät,2,"63,68433","20,89817",
7075301,791429,Västerbottens län,Holmön,Kustöversiktsnät augusti,Kustöversiktsnät  (17 22 25 33 50 mm) - djupnät,Östra Halörsskaten,14, -,NEJ,2013-08-09,2,Provfiskad ,Abborre,78,"7,538","8,375","39,00",natt,1,översiktsnät,2,"63,68433","20,89817",
7075301,791429,Västerbottens län,Holmön,Kustöversiktsnät augusti,Kustöversiktsnät  (17 22 25 33 50 mm) - djupnät,Östra Halörsskaten,14, -,NEJ,2013-08-09,2,Provfiskad ,Gärs,1,"0,022","0,023","0,50",natt,1,översiktsnät,2,"63,68433","20,89817",
7075301,791429,Västerbottens län,Holmön,Kustöversiktsnät augusti,Kustöversiktsnät  (17 22 25 33 50 mm) - djupnät,Östra Halörsskaten,14, -,NEJ,2013-08-09,2,Provfiskad ,Löja,14,"0,340","0,323","7,00",natt,1,översiktsnät,2,"63,68433","20,89817",
7075301,791429,Västerbottens län,Holmön,Kustöversiktsnät augusti,Kustöversiktsnät  (17 22 25 33 50 mm) - djupnät,Östra Halörsskaten,14, -,NEJ,2013-08-09,2,Provfiskad ,Mört,23,"0,899","0,914","11,50",natt,1,översiktsnät,2,"63,68433","20,89817",
7075301,791429,Västerbottens län,Holmön,Kustöversiktsnät augusti,Kustöversiktsnät  (17 22 25 33 50 mm) - djupnät,Östra Halörsskaten,14, -,NEJ,2013-08-09,2,Provfiskad ,Sik,3,"0,243","0,234","1,50",natt,1,översiktsnät,2,"63,68433","20,89817",
7075301,791429,Västerbottens län,Holmön,Kustöversiktsnät augusti,Kustöversiktsnät  (17 22 25 33 50 mm) - djupnät,Östra Halörsskaten,14, -,NEJ,2013-08-09,2,Provfiskad ,Strömming,5,"0,193","0,195","2,50",natt,1,översiktsnät,2,"63,68433","20,89817",
7075301,791429,Västerbottens län,Holmön,Kustöversiktsnät augusti,Kustöversiktsnät  (17 22 25 33 50 mm) - djupnät,Östra Halörsskaten,14, -,NEJ,2013-08-10,2,Provfiskad ,Abborre,14,"0,837","0,944","7,00",natt,1,översiktsnät,2,"63,68433","20,89817",
7075301,791429,Västerbottens län,Holmön,Kustöversiktsnät augusti,Kustöversiktsnät  (17 22 25 33 50 mm) - djupnät,Östra Halörsskaten,14, -,NEJ,2013-08-10,2,Provfiskad ,Mört,22,"0,903","0,965","11,00",natt,1,översiktsnät,2,"63,68433","20,89817",
7075301,791429,Västerbottens län,Holmön,Kustöversiktsnät augusti,Kustöversiktsnät  (17 22 25 33 50 mm) - djupnät,Östra Halörsskaten,14, -,NEJ,2013-08-10,2,Provfiskad ,Sik,2,"1,158","1,116","1,00",natt,1,översiktsnät,2,"63,68433","20,89817",
7075301,791429,Västerbottens län,Holmön,Kustöversiktsnät augusti,Kustöversiktsnät  (17 22 25 33 50 mm) - djupnät,Östra Halörsskaten,14, -,NEJ,2013-08-10,2,Provfiskad ,Strömming,14,"0,473","0,488","7,00",natt,1,översiktsnät,2,"63,68433","20,89817",
7075301,791429,Västerbottens län,Holmön,Kustöversiktsnät augusti,Kustöversiktsnät  (17 22 25 33 50 mm) - djupnät,Östra Halörsskaten,14, -,NEJ,2014-08-06,2,Provfiskad ,Abborre,82,"6,239","6,971","41,00",natt,1,översiktsnät,2,"63,68433","20,89817",
7075301,791429,Västerbottens län,Holmön,Kustöversiktsnät augusti,Kustöversiktsnät  (17 22 25 33 50 mm) - djupnät,Östra Halörsskaten,14, -,NEJ,2014-08-06,2,Provfiskad ,Gärs,3,"0,107","0,102","1,50",natt,1,översiktsnät,2,"63,68433","20,89817",
7075301,791429,Västerbottens län,Holmön,Kustöversiktsnät augusti,Kustöversiktsnät  (17 22 25 33 50 mm) - djupnät,Östra Halörsskaten,14, -,NEJ,2014-08-06,2,Provfiskad ,Löja,4,"0,108","0,103","2,00",natt,1,översiktsnät,2,"63,68433","20,89817",
7075301,791429,Västerbottens län,Holmön,Kustöversiktsnät augusti,Kustöversiktsnät  (17 22 25 33 50 mm) - djupnät,Östra Halörsskaten,14, -,NEJ,2014-08-06,2,Provfiskad ,Mört,62,"3,486","3,520","31,00",natt,1,översiktsnät,2,"63,68433","20,89817",
7075301,791429,Västerbottens län,Holmön,Kustöversiktsnät augusti,Kustöversiktsnät  (17 22 25 33 50 mm) - djupnät,Östra Halörsskaten,14, -,NEJ,2014-08-06,2,Provfiskad ,Sik,1,"0,416","0,383","0,50",natt,1,översiktsnät,2,"63,68433","20,89817",
7075301,791429,Västerbottens län,Holmön,Kustöversiktsnät augusti,Kustöversiktsnät  (17 22 25 33 50 mm) - djupnät,Östra Halörsskaten,14, -,NEJ,2014-08-06,2,Provfiskad ,Strömming,1,"0,029","0,028","0,50",natt,1,översiktsnät,2,"63,68433","20,89817",
7075301,791429,Västerbottens län,Holmön,Kustöversiktsnät augusti,Kustöversiktsnät  (17 22 25 33 50 mm) - djupnät,Östra Halörsskaten,14, -,NEJ,2014-08-07,2,Provfiskad ,Abborre,44,"3,668","3,389","22,00",natt,1,översiktsnät,2,"63,68433","20,89817",
7075301,791429,Västerbottens län,Holmön,Kustöversiktsnät augusti,Kustöversiktsnät  (17 22 25 33 50 mm) - djupnät,Östra Halörsskaten,14, -,NEJ,2014-08-07,2,Provfiskad ,Löja,8,"0,220","0,201","4,00",natt,1,översiktsnät,2,"63,68433","20,89817",
7075301,791429,Västerbottens län,Holmön,Kustöversiktsnät augusti,Kustöversiktsnät  (17 22 25 33 50 mm) - djupnät,Östra Halörsskaten,14, -,NEJ,2014-08-07,2,Provfiskad ,Mört,21,"1,408","1,218","10,50",natt,1,översiktsnät,2,"63,68433","20,89817",
7075301,791429,Västerbottens län,Holmön,Kustöversiktsnät augusti,Kustöversiktsnät  (17 22 25 33 50 mm) - djupnät,Östra Halörsskaten,14, -,NEJ,2014-08-08,2,Provfiskad ,Abborre,14,"1,581","1,799","7,00",natt,1,översiktsnät,2,"63,68433","20,89817",
7075301,791429,Västerbottens län,Holmön,Kustöversiktsnät augusti,Kustöversiktsnät  (17 22 25 33 50 mm) - djupnät,Östra Halörsskaten,14, -,NEJ,2014-08-08,2,Provfiskad ,Gärs,2,"0,107","0,113","1,00",natt,1,översiktsnät,2,"63,68433","20,89817",
7075301,791429,Västerbottens län,Holmön,Kustöversiktsnät augusti,Kustöversiktsnät  (17 22 25 33 50 mm) - djupnät,Östra Halörsskaten,14, -,NEJ,2014-08-08,2,Provfiskad ,Mört,14,"0,380","0,378","7,00",natt,1,översiktsnät,2,"63,68433","20,89817",
7075328,791509,Västerbottens län,Holmön,Kustöversiktsnät augusti,Kustöversiktsnät  (17 22 25 33 50 mm) - djupnät,Östra Halörsskaten,15, -,NEJ,2013-08-08,2,Bifångst fågel ,Svärta,1,,,"0,50",natt,1,översiktsnät,2,"63,68450","20,89983",
7075328,791509,Västerbottens län,Holmön,Kustöversiktsnät augusti,Kustöversiktsnät  (17 22 25 33 50 mm) - djupnät,Östra Halörsskaten,15, -,NEJ,2013-08-08,2,Provfiskad ,Abborre,149,"15,663","17,152","74,50",natt,1,översiktsnät,2,"63,68450","20,89983",
7075328,791509,Västerbottens län,Holmön,Kustöversiktsnät augusti,Kustöversiktsnät  (17 22 25 33 50 mm) - djupnät,Östra Halörsskaten,15, -,NEJ,2013-08-08,2,Provfiskad ,Gärs,1,"0,041","0,046","0,50",natt,1,översiktsnät,2,"63,68450","20,89983",
7075328,791509,Västerbottens län,Holmön,Kustöversiktsnät augusti,Kustöversiktsnät  (17 22 25 33 50 mm) - djupnät,Östra Halörsskaten,15, -,NEJ,2013-08-08,2,Provfiskad ,Mört,25,"1,272","1,264","12,50",natt,1,översiktsnät,2,"63,68450","20,89983",
7075328,791509,Västerbottens län,Holmön,Kustöversiktsnät augusti,Kustöversiktsnät  (17 22 25 33 50 mm) - djupnät,Östra Halörsskaten,15, -,NEJ,2013-08-08,2,Provfiskad ,Sik,1,"0,057","0,052","0,50",natt,1,översiktsnät,2,"63,68450","20,89983",
7075328,791509,Västerbottens län,Holmön,Kustöversiktsnät augusti,Kustöversiktsnät  (17 22 25 33 50 mm) - djupnät,Östra Halörsskaten,15, -,NEJ,2013-08-08,2,Provfiskad ,Strömming,14,"0,492","0,531","7,00",natt,1,översiktsnät,2,"63,68450","20,89983",
7075328,791509,Västerbottens län,Holmön,Kustöversiktsnät augusti,Kustöversiktsnät  (17 22 25 33 50 mm) - djupnät,Östra Halörsskaten,15, -,NEJ,2013-08-09,2,Bifångst fågel ,Svärta,4,,,"2,00",natt,1,översiktsnät,2,"63,68450","20,89983",
7075328,791509,Västerbottens län,Holmön,Kustöversiktsnät augusti,Kustöversiktsnät  (17 22 25 33 50 mm) - djupnät,Östra Halörsskaten,15, -,NEJ,2013-08-09,2,Provfiskad ,Abborre,86,"7,726","8,626","43,00",natt,1,översiktsnät,2,"63,68450","20,89983",
7075328,791509,Västerbottens län,Holmön,Kustöversiktsnät augusti,Kustöversiktsnät  (17 22 25 33 50 mm) - djupnät,Östra Halörsskaten,15, -,NEJ,2013-08-09,2,Provfiskad ,Mört,24,"1,427","1,386","12,00",natt,1,översiktsnät,2,"63,68450","20,89983",
7075328,791509,Västerbottens län,Holmön,Kustöversiktsnät augusti,Kustöversiktsnät  (17 22 25 33 50 mm) - djupnät,Östra Halörsskaten,15, -,NEJ,2013-08-09,2,Provfiskad ,Strömming,12,"0,383","0,385","6,00",natt,1,översiktsnät,2,"63,68450","20,89983",
7075328,791509,Västerbottens län,Holmön,Kustöversiktsnät augusti,Kustöversiktsnät  (17 22 25 33 50 mm) - djupnät,Östra Halörsskaten,15, -,NEJ,2013-08-10,2,Provfiskad ,Abborre,90,"7,462","8,461","45,00",natt,1,översiktsnät,2,"63,68450","20,89983",
7075328,791509,Västerbottens län,Holmön,Kustöversiktsnät augusti,Kustöversiktsnät  (17 22 25 33 50 mm) - djupnät,Östra Halörsskaten,15, -,NEJ,2013-08-10,2,Provfiskad ,Gärs,3,"0,075","0,077","1,50",natt,1,översiktsnät,2,"63,68450","20,89983",
7075328,791509,Västerbottens län,Holmön,Kustöversiktsnät augusti,Kustöversiktsnät  (17 22 25 33 50 mm) - djupnät,Östra Halörsskaten,15, -,NEJ,2013-08-10,2,Provfiskad ,Löja,1,"0,021","0,022","0,50",natt,1,översiktsnät,2,"63,68450","20,89983",
7075328,791509,Västerbottens län,Holmön,Kustöversiktsnät augusti,Kustöversiktsnät  (17 22 25 33 50 mm) - djupnät,Östra Halörsskaten,15, -,NEJ,2013-08-10,2,Provfiskad ,Mört,16,"0,713","0,756","8,00",natt,1,översiktsnät,2,"63,68450","20,89983",
7075328,791509,Västerbottens län,Holmön,Kustöversiktsnät augusti,Kustöversiktsnät  (17 22 25 33 50 mm) - djupnät,Östra Halörsskaten,15, -,NEJ,2013-08-10,2,Provfiskad ,Sik,1,"0,041","0,044","0,50",natt,1,översiktsnät,2,"63,68450","20,89983",
7075328,791509,Västerbottens län,Holmön,Kustöversiktsnät augusti,Kustöversiktsnät  (17 22 25 33 50 mm) - djupnät,Östra Halörsskaten,15, -,NEJ,2013-08-10,2,Provfiskad ,Strömming,23,"0,828","0,812","11,50",natt,1,översiktsnät,2,"63,68450","20,89983",
7075328,791509,Västerbottens län,Holmön,Kustöversiktsnät augusti,Kustöversiktsnät  (17 22 25 33 50 mm) - djupnät,Östra Halörsskaten,15, -,NEJ,2014-08-06,2,Provfiskad ,Abborre,86,"7,535","8,176","43,00",natt,1,översiktsnät,2,"63,68450","20,89983",
7075328,791509,Västerbottens län,Holmön,Kustöversiktsnät augusti,Kustöversiktsnät  (17 22 25 33 50 mm) - djupnät,Östra Halörsskaten,15, -,NEJ,2014-08-06,2,Provfiskad ,Gärs,3,"0,065","0,071","1,50",natt,1,översiktsnät,2,"63,68450","20,89983",
7075328,791509,Västerbottens län,Holmön,Kustöversiktsnät augusti,Kustöversiktsnät  (17 22 25 33 50 mm) - djupnät,Östra Halörsskaten,15, -,NEJ,2014-08-06,2,Provfiskad ,Löja,3,"0,072","0,071","1,50",natt,1,översiktsnät,2,"63,68450","20,89983",
7075328,791509,Västerbottens län,Holmön,Kustöversiktsnät augusti,Kustöversiktsnät  (17 22 25 33 50 mm) - djupnät,Östra Halörsskaten,15, -,NEJ,2014-08-06,2,Provfiskad ,Mört,43,"3,652","2,965","21,50",natt,1,översiktsnät,2,"63,68450","20,89983",
7075328,791509,Västerbottens län,Holmön,Kustöversiktsnät augusti,Kustöversiktsnät  (17 22 25 33 50 mm) - djupnät,Östra Halörsskaten,15, -,NEJ,2014-08-06,2,Provfiskad ,Storspigg,1,"0,003","0,004","0,50",natt,1,översiktsnät,2,"63,68450","20,89983",
7075328,791509,Västerbottens län,Holmön,Kustöversiktsnät augusti,Kustöversiktsnät  (17 22 25 33 50 mm) - djupnät,Östra Halörsskaten,15, -,NEJ,2014-08-06,2,Provfiskad ,Strömming,5,"0,170","0,163","2,50",natt,1,översiktsnät,2,"63,68450","20,89983",
7075328,791509,Västerbottens län,Holmön,Kustöversiktsnät augusti,Kustöversiktsnät  (17 22 25 33 50 mm) - djupnät,Östra Halörsskaten,15, -,NEJ,2014-08-07,2,Provfiskad ,Abborre,134,"10,863","11,432","67,00",natt,1,översiktsnät,2,"63,68450","20,89983",
7075328,791509,Västerbottens län,Holmön,Kustöversiktsnät augusti,Kustöversiktsnät  (17 22 25 33 50 mm) - djupnät,Östra Halörsskaten,15, -,NEJ,2014-08-07,2,Provfiskad ,Löja,1,"0,029","0,018","0,50",natt,1,översiktsnät,2,"63,68450","20,89983",
7075328,791509,Västerbottens län,Holmön,Kustöversiktsnät augusti,Kustöversiktsnät  (17 22 25 33 50 mm) - djupnät,Östra Halörsskaten,15, -,NEJ,2014-08-07,2,Provfiskad ,Mört,21,"1,899","1,975","10,50",natt,1,översiktsnät,2,"63,68450","20,89983",
7075328,791509,Västerbottens län,Holmön,Kustöversiktsnät augusti,Kustöversiktsnät  (17 22 25 33 50 mm) - djupnät,Östra Halörsskaten,15, -,NEJ,2014-08-07,2,Provfiskad ,Sik,1,"0,088","0,084","0,50",natt,1,översiktsnät,2,"63,68450","20,89983",
7075328,791509,Västerbottens län,Holmön,Kustöversiktsnät augusti,Kustöversiktsnät  (17 22 25 33 50 mm) - djupnät,Östra Halörsskaten,15, -,NEJ,2014-08-08,2,Provfiskad ,Abborre,74,"4,954","6,586","37,00",natt,1,översiktsnät,2,"63,68450","20,89983",Mört maska 25 och abborre maska 33 troligtvis fel vikt i protokollet
7075328,791509,Västerbottens län,Holmön,Kustöversiktsnät augusti,Kustöversiktsnät  (17 22 25 33 50 mm) - djupnät,Östra Halörsskaten,15, -,NEJ,2014-08-08,2,Provfiskad ,Gärs,1,"0,056","0,046","0,50",natt,1,översiktsnät,2,"63,68450","20,89983",Mört maska 25 och abborre maska 33 troligtvis fel vikt i protokollet
7075328,791509,Västerbottens län,Holmön,Kustöversiktsnät augusti,Kustöversiktsnät  (17 22 25 33 50 mm) - djupnät,Östra Halörsskaten,15, -,NEJ,2014-08-08,2,Provfiskad ,Mört,20,"0,609","1,443","10,00",natt,1,översiktsnät,2,"63,68450","20,89983",Mört maska 25 och abborre maska 33 troligtvis fel vikt i protokollet
7075262,791201,Västerbottens län,Holmön,Kustöversiktsnät augusti,Kustöversiktsnät  (17 22 25 33 50 mm) - djupnät,Östra Halörsskaten,16, -,NEJ,2013-08-08,2,Provfiskad ,Abborre,85,"7,478","8,124","42,50",natt,1,översiktsnät,2,"63,68417","20,89350",
7075262,791201,Västerbottens län,Holmön,Kustöversiktsnät augusti,Kustöversiktsnät  (17 22 25 33 50 mm) - djupnät,Östra Halörsskaten,16, -,NEJ,2013-08-08,2,Provfiskad ,Mört,43,"1,413","1,358","21,50",natt,1,översiktsnät,2,"63,68417","20,89350",
7075262,791201,Västerbottens län,Holmön,Kustöversiktsnät augusti,Kustöversiktsnät  (17 22 25 33 50 mm) - djupnät,Östra Halörsskaten,16, -,NEJ,2013-08-08,2,Provfiskad ,Sik,2,"0,136","0,134","1,00",natt,1,översiktsnät,2,"63,68417","20,89350",
7075262,791201,Västerbottens län,Holmön,Kustöversiktsnät augusti,Kustöversiktsnät  (17 22 25 33 50 mm) - djupnät,Östra Halörsskaten,16, -,NEJ,2013-08-08,2,Provfiskad ,Strömming,2,"0,076","0,074","1,00",natt,1,översiktsnät,2,"63,68417","20,89350",
7075262,791201,Västerbottens län,Holmön,Kustöversiktsnät augusti,Kustöversiktsnät  (17 22 25 33 50 mm) - djupnät,Östra Halörsskaten,16, -,NEJ,2013-08-09,2,Provfiskad ,Abborre,40,"3,410","3,851","20,00",natt,1,översiktsnät,2,"63,68417","20,89350",
7075262,791201,Västerbottens län,Holmön,Kustöversiktsnät augusti,Kustöversiktsnät  (17 22 25 33 50 mm) - djupnät,Östra Halörsskaten,16, -,NEJ,2013-08-09,2,Provfiskad ,Löja,1,"0,028","0,027","0,50",natt,1,översiktsnät,2,"63,68417","20,89350",
7075262,791201,Västerbottens län,Holmön,Kustöversiktsnät augusti,Kustöversiktsnät  (17 22 25 33 50 mm) - djupnät,Östra Halörsskaten,16, -,NEJ,2013-08-09,2,Provfiskad ,Mört,15,"0,473","0,455","7,50",natt,1,översiktsnät,2,"63,68417","20,89350",
7075262,791201,Västerbottens län,Holmön,Kustöversiktsnät augusti,Kustöversiktsnät  (17 22 25 33 50 mm) - djupnät,Östra Halörsskaten,16, -,NEJ,2013-08-09,2,Provfiskad ,Sik,3,"0,282","0,260","1,50",natt,1,översiktsnät,2,"63,68417","20,89350",
7075262,791201,Västerbottens län,Holmön,Kustöversiktsnät augusti,Kustöversiktsnät  (17 22 25 33 50 mm) - djupnät,Östra Halörsskaten,16, -,NEJ,2013-08-09,2,Provfiskad ,Strömming,15,"0,487","0,498","7,50",natt,1,översiktsnät,2,"63,68417","20,89350",
7075262,791201,Västerbottens län,Holmön,Kustöversiktsnät augusti,Kustöversiktsnät  (17 22 25 33 50 mm) - djupnät,Östra Halörsskaten,16, -,NEJ,2013-08-10,2,Provfiskad ,Abborre,31,"2,523","2,472","15,50",natt,1,översiktsnät,2,"63,68417","20,89350",
7075262,791201,Västerbottens län,Holmön,Kustöversiktsnät augusti,Kustöversiktsnät  (17 22 25 33 50 mm) - djupnät,Östra Halörsskaten,16, -,NEJ,2013-08-10,2,Provfiskad ,Mört,11,"0,360","0,400","5,50",natt,1,översiktsnät,2,"63,68417","20,89350",
7075262,791201,Västerbottens län,Holmön,Kustöversiktsnät augusti,Kustöversiktsnät  (17 22 25 33 50 mm) - djupnät,Östra Halörsskaten,16, -,NEJ,2013-08-10,2,Provfiskad ,Sik,6,"0,958","0,943","3,00",natt,1,översiktsnät,2,"63,68417","20,89350",
7075262,791201,Västerbottens län,Holmön,Kustöversiktsnät augusti,Kustöversiktsnät  (17 22 25 33 50 mm) - djupnät,Östra Halörsskaten,16, -,NEJ,2013-08-10,2,Provfiskad ,Strömming,23,"0,805","0,750","11,50",natt,1,översiktsnät,2,"63,68417","20,89350",
7075262,791201,Västerbottens län,Holmön,Kustöversiktsnät augusti,Kustöversiktsnät  (17 22 25 33 50 mm) - djupnät,Östra Halörsskaten,16, -,NEJ,2014-08-06,2,Provfiskad ,Abborre,60,"4,578","4,912","30,00",natt,1,översiktsnät,2,"63,68417","20,89350",
7075262,791201,Västerbottens län,Holmön,Kustöversiktsnät augusti,Kustöversiktsnät  (17 22 25 33 50 mm) - djupnät,Östra Halörsskaten,16, -,NEJ,2014-08-06,2,Provfiskad ,Gärs,1,"0,022","0,023","0,50",natt,1,översiktsnät,2,"63,68417","20,89350",
7075262,791201,Västerbottens län,Holmön,Kustöversiktsnät augusti,Kustöversiktsnät  (17 22 25 33 50 mm) - djupnät,Östra Halörsskaten,16, -,NEJ,2014-08-06,2,Provfiskad ,Mört,64,"3,350","3,337","32,00",natt,1,översiktsnät,2,"63,68417","20,89350",
7075262,791201,Västerbottens län,Holmön,Kustöversiktsnät augusti,Kustöversiktsnät  (17 22 25 33 50 mm) - djupnät,Östra Halörsskaten,16, -,NEJ,2014-08-06,2,Provfiskad ,Sik,10,"1,558","1,453","5,00",natt,1,översiktsnät,2,"63,68417","20,89350",
7075262,791201,Västerbottens län,Holmön,Kustöversiktsnät augusti,Kustöversiktsnät  (17 22 25 33 50 mm) - djupnät,Östra Halörsskaten,16, -,NEJ,2014-08-06,2,Provfiskad ,Strömming,2,"0,077","0,081","1,00",natt,1,översiktsnät,2,"63,68417","20,89350",
7075262,791201,Västerbottens län,Holmön,Kustöversiktsnät augusti,Kustöversiktsnät  (17 22 25 33 50 mm) - djupnät,Östra Halörsskaten,16, -,NEJ,2014-08-07,2,Provfiskad ,Abborre,135,"9,177","9,843","67,50",natt,1,översiktsnät,2,"63,68417","20,89350",
7075262,791201,Västerbottens län,Holmön,Kustöversiktsnät augusti,Kustöversiktsnät  (17 22 25 33 50 mm) - djupnät,Östra Halörsskaten,16, -,NEJ,2014-08-07,2,Provfiskad ,Löja,14,"0,383","0,360","7,00",natt,1,översiktsnät,2,"63,68417","20,89350",
7075262,791201,Västerbottens län,Holmön,Kustöversiktsnät augusti,Kustöversiktsnät  (17 22 25 33 50 mm) - djupnät,Östra Halörsskaten,16, -,NEJ,2014-08-07,2,Provfiskad ,Mört,19,"1,498","1,407","9,50",natt,1,översiktsnät,2,"63,68417","20,89350",
7075262,791201,Västerbottens län,Holmön,Kustöversiktsnät augusti,Kustöversiktsnät  (17 22 25 33 50 mm) - djupnät,Östra Halörsskaten,16, -,NEJ,2014-08-08,2,Provfiskad ,Abborre,111,"5,068","9,164","55,50",natt,1,översiktsnät,2,"63,68417","20,89350",Abborre maska 22 troligtvis fel i protokollet
7075262,791201,Västerbottens län,Holmön,Kustöversiktsnät augusti,Kustöversiktsnät  (17 22 25 33 50 mm) - djupnät,Östra Halörsskaten,16, -,NEJ,2014-08-08,2,Provfiskad ,Mört,12,"0,828","0,710","6,00",natt,1,översiktsnät,2,"63,68417","20,89350",Abborre maska 22 troligtvis fel i protokollet
7075293,791132,Västerbottens län,Holmön,Kustöversiktsnät augusti,Kustöversiktsnät  (17 22 25 33 50 mm) - djupnät,Östra Halörsskaten,17, -,NEJ,2013-08-08,2,Provfiskad ,Abborre,149,"10,965","12,897","74,50",natt,1,översiktsnät,2,"63,68450","20,89217",
7075293,791132,Västerbottens län,Holmön,Kustöversiktsnät augusti,Kustöversiktsnät  (17 22 25 33 50 mm) - djupnät,Östra Halörsskaten,17, -,NEJ,2013-08-08,2,Provfiskad ,Mört,138,"4,125","4,198","69,00",natt,1,översiktsnät,2,"63,68450","20,89217",
7075293,791132,Västerbottens län,Holmön,Kustöversiktsnät augusti,Kustöversiktsnät  (17 22 25 33 50 mm) - djupnät,Östra Halörsskaten,17, -,NEJ,2013-08-08,2,Provfiskad ,Sik,1,"0,046","0,052","0,50",natt,1,översiktsnät,2,"63,68450","20,89217",
7075293,791132,Västerbottens län,Holmön,Kustöversiktsnät augusti,Kustöversiktsnät  (17 22 25 33 50 mm) - djupnät,Östra Halörsskaten,17, -,NEJ,2013-08-08,2,Provfiskad ,Strömming,2,"0,079","0,080","1,00",natt,1,översiktsnät,2,"63,68450","20,89217",
7075293,791132,Västerbottens län,Holmön,Kustöversiktsnät augusti,Kustöversiktsnät  (17 22 25 33 50 mm) - djupnät,Östra Halörsskaten,17, -,NEJ,2013-08-09,2,Provfiskad ,Abborre,54,"4,634","5,152","27,00",natt,1,översiktsnät,2,"63,68450","20,89217",
7075293,791132,Västerbottens län,Holmön,Kustöversiktsnät augusti,Kustöversiktsnät  (17 22 25 33 50 mm) - djupnät,Östra Halörsskaten,17, -,NEJ,2013-08-09,2,Provfiskad ,Gärs,1,"0,088","0,095","0,50",natt,1,översiktsnät,2,"63,68450","20,89217",
7075293,791132,Västerbottens län,Holmön,Kustöversiktsnät augusti,Kustöversiktsnät  (17 22 25 33 50 mm) - djupnät,Östra Halörsskaten,17, -,NEJ,2013-08-09,2,Provfiskad ,Mört,35,"1,244","1,241","17,50",natt,1,översiktsnät,2,"63,68450","20,89217",
7075293,791132,Västerbottens län,Holmön,Kustöversiktsnät augusti,Kustöversiktsnät  (17 22 25 33 50 mm) - djupnät,Östra Halörsskaten,17, -,NEJ,2013-08-09,2,Provfiskad ,Sik,1,"0,092","0,098","0,50",natt,1,översiktsnät,2,"63,68450","20,89217",
7075293,791132,Västerbottens län,Holmön,Kustöversiktsnät augusti,Kustöversiktsnät  (17 22 25 33 50 mm) - djupnät,Östra Halörsskaten,17, -,NEJ,2013-08-09,2,Provfiskad ,Strömming,11,"0,386","0,396","5,50",natt,1,översiktsnät,2,"63,68450","20,89217",
7075293,791132,Västerbottens län,Holmön,Kustöversiktsnät augusti,Kustöversiktsnät  (17 22 25 33 50 mm) - djupnät,Östra Halörsskaten,17, -,NEJ,2013-08-10,2,Provfiskad ,Abborre,31,"1,857","2,080","15,50",natt,1,översiktsnät,2,"63,68450","20,89217",
7075293,791132,Västerbottens län,Holmön,Kustöversiktsnät augusti,Kustöversiktsnät  (17 22 25 33 50 mm) - djupnät,Östra Halörsskaten,17, -,NEJ,2013-08-10,2,Provfiskad ,Gärs,1,"0,060","0,068","0,50",natt,1,översiktsnät,2,"63,68450","20,89217",
7075293,791132,Västerbottens län,Holmön,Kustöversiktsnät augusti,Kustöversiktsnät  (17 22 25 33 50 mm) - djupnät,Östra Halörsskaten,17, -,NEJ,2013-08-10,2,Provfiskad ,Löja,1,"0,024","0,018","0,50",natt,1,översiktsnät,2,"63,68450","20,89217",
7075293,791132,Västerbottens län,Holmön,Kustöversiktsnät augusti,Kustöversiktsnät  (17 22 25 33 50 mm) - djupnät,Östra Halörsskaten,17, -,NEJ,2013-08-10,2,Provfiskad ,Mört,21,"0,946","0,938","10,50",natt,1,översiktsnät,2,"63,68450","20,89217",
7075293,791132,Västerbottens län,Holmön,Kustöversiktsnät augusti,Kustöversiktsnät  (17 22 25 33 50 mm) - djupnät,Östra Halörsskaten,17, -,NEJ,2013-08-10,2,Provfiskad ,Sik,2,"0,254","0,230","1,00",natt,1,översiktsnät,2,"63,68450","20,89217",
7075293,791132,Västerbottens län,Holmön,Kustöversiktsnät augusti,Kustöversiktsnät  (17 22 25 33 50 mm) - djupnät,Östra Halörsskaten,17, -,NEJ,2013-08-10,2,Provfiskad ,Strömming,31,"1,046","0,976","15,50",natt,1,översiktsnät,2,"63,68450","20,89217",
7075293,791132,Västerbottens län,Holmön,Kustöversiktsnät augusti,Kustöversiktsnät  (17 22 25 33 50 mm) - djupnät,Östra Halörsskaten,17, -,NEJ,2014-08-06,2,Provfiskad ,Abborre,183,"14,507","15,965","91,50",natt,1,översiktsnät,2,"63,68450","20,89217",
7075293,791132,Västerbottens län,Holmön,Kustöversiktsnät augusti,Kustöversiktsnät  (17 22 25 33 50 mm) - djupnät,Östra Halörsskaten,17, -,NEJ,2014-08-06,2,Provfiskad ,Gärs,1,"0,024","0,023","0,50",natt,1,översiktsnät,2,"63,68450","20,89217",
7075293,791132,Västerbottens län,Holmön,Kustöversiktsnät augusti,Kustöversiktsnät  (17 22 25 33 50 mm) - djupnät,Östra Halörsskaten,17, -,NEJ,2014-08-06,2,Provfiskad ,Mört,61,"2,606","2,610","30,50",natt,1,översiktsnät,2,"63,68450","20,89217",
7075293,791132,Västerbottens län,Holmön,Kustöversiktsnät augusti,Kustöversiktsnät  (17 22 25 33 50 mm) - djupnät,Östra Halörsskaten,17, -,NEJ,2014-08-06,2,Provfiskad ,Sik,1,"0,127","0,128","0,50",natt,1,översiktsnät,2,"63,68450","20,89217",
7075293,791132,Västerbottens län,Holmön,Kustöversiktsnät augusti,Kustöversiktsnät  (17 22 25 33 50 mm) - djupnät,Östra Halörsskaten,17, -,NEJ,2014-08-07,2,Provfiskad ,Abborre,148,"9,652","10,465","74,00",natt,1,översiktsnät,2,"63,68450","20,89217",
7075293,791132,Västerbottens län,Holmön,Kustöversiktsnät augusti,Kustöversiktsnät  (17 22 25 33 50 mm) - djupnät,Östra Halörsskaten,17, -,NEJ,2014-08-07,2,Provfiskad ,Gärs,1,"0,035","0,037","0,50",natt,1,översiktsnät,2,"63,68450","20,89217",
7075293,791132,Västerbottens län,Holmön,Kustöversiktsnät augusti,Kustöversiktsnät  (17 22 25 33 50 mm) - djupnät,Östra Halörsskaten,17, -,NEJ,2014-08-07,2,Provfiskad ,Löja,4,"0,092","0,095","2,00",natt,1,översiktsnät,2,"63,68450","20,89217",
7075293,791132,Västerbottens län,Holmön,Kustöversiktsnät augusti,Kustöversiktsnät  (17 22 25 33 50 mm) - djupnät,Östra Halörsskaten,17, -,NEJ,2014-08-07,2,Provfiskad ,Mört,42,"1,751","1,737","21,00",natt,1,översiktsnät,2,"63,68450","20,89217",
7075293,791132,Västerbottens län,Holmön,Kustöversiktsnät augusti,Kustöversiktsnät  (17 22 25 33 50 mm) - djupnät,Östra Halörsskaten,17, -,NEJ,2014-08-08,2,Provfiskad ,Abborre,133,"7,637","8,018","66,50",natt,1,översiktsnät,2,"63,68450","20,89217",
7075293,791132,Västerbottens län,Holmön,Kustöversiktsnät augusti,Kustöversiktsnät  (17 22 25 33 50 mm) - djupnät,Östra Halörsskaten,17, -,NEJ,2014-08-08,2,Provfiskad ,Mört,10,"0,342","0,333","5,00",natt,1,översiktsnät,2,"63,68450","20,89217",

